customer_no,productions,tickets,revenues,days_last,days_max,days_mean,weekdays,weekends,email_engagement,email_unsubscribe,membership,years_member,membership_dropped,membership_downgraded,mosaic,fss,london,uk,proximity,churned
0,38,41,5701.15,70,245,35,0.29,0.71,0.4,N,I,5,N,N,X,X,N,N,C,0
1,18,36,263.5,41,1013,90,0.78,0.22,0.61,N,A,2,X,X,O,B,N,Y,B,1
2,22,24,417,70,364,74,0.68,0.32,0.56,N,I,5,N,N,A,F,Y,Y,A,0
3,23,27,1324.5,36,284,59,0.35,0.65,0.33,N,A,0,X,X,A,G,Y,Y,A,0
4,9,9,293,138,98,21,0.33,0.67,0.2,N,A,0,X,X,A,B,Y,Y,A,1
5,39,78,1864,40,503,41,1,0,0.34,N,A,2,X,X,B,F,N,Y,B,0
6,13,39,4453.98,28,358,100,0.69,0.31,0.23,N,I,5,N,N,A,F,Y,Y,A,1
7,25,25,1649,0,376,63,0.48,0.52,0.43,N,A,0,X,X,X,X,N,N,D,0
8,11,13,118,4,475,85,0.45,0.55,0.61,N,A,0,X,X,O,C,N,Y,B,0
9,36,69,2786,49,162,34,0.83,0.17,0.54,N,I,5,N,N,A,B,Y,Y,A,0
10,10,23,863,72,249,81,0.5,0.5,0.18,N,A,0,X,X,A,G,Y,Y,A,0
11,12,25,1300,357,365,115,0.92,0.08,0.72,N,I,5,N,N,B,F,N,Y,B,1
12,7,14,740,62,1002,214,0.43,0.57,0.06,N,I,5,N,N,F,H,N,Y,B,0
13,14,14,2645.5,26,853,113,0.36,0.64,0.82,N,A,0,X,X,B,F,N,Y,B,0
14,6,12,1248,309,463,219,1,0,0.37,N,A,0,X,X,C,F,N,Y,B,1
15,9,25,2743,126,371,184,0.78,0.22,0.36,N,A,0,X,X,A,B,Y,Y,A,0
16,6,13,689.2,126,644,295,0.5,0.5,0.69,N,A,0,X,X,O,B,N,Y,B,1
17,7,8,423.5,125,1107,234,1,0,0.23,N,A,3,X,X,A,F,N,Y,B,0
18,15,30,2397,96,422,102,0.73,0.27,0.71,N,I,5,N,N,E,N,N,Y,B,0
19,8,16,282,37,139,65,0.62,0.38,0.85,N,A,0,X,X,N,C,Y,Y,A,1
20,7,10,499,126,788,234,0.86,0.14,0.77,N,A,0,X,X,B,F,N,Y,B,0
21,8,8,108,309,287,157,0.88,0.12,0.34,N,A,0,X,X,N,I,N,Y,B,1
22,6,14,390,5,979,206,0.17,0.83,0.64,N,A,0,X,X,O,C,N,Y,B,1
23,15,16,916,26,358,99,0.6,0.4,0.9,N,A,0,X,X,B,M,N,Y,B,0
24,6,11,983,343,630,231,0.67,0.33,0.5,N,A,0,X,X,A,B,N,Y,B,1
25,29,34,1952,72,193,45,0.83,0.17,0.41,N,I,5,N,N,A,B,Y,Y,A,0
26,17,34,1960,70,280,97,0.71,0.29,0.69,N,G,5,N,N,B,M,N,Y,B,1
27,42,43,585,42,168,31,0.83,0.17,0.47,N,A,0,X,X,A,B,Y,Y,A,0
28,7,7,984,42,779,250,0.57,0.43,0.12,N,A,0,X,X,X,X,N,N,D,1
29,9,12,379,85,362,151,0.56,0.44,0.49,N,A,0,X,X,A,F,Y,Y,A,1
30,23,71,5969,95,312,66,0.48,0.52,0.6,N,A,0,X,X,A,B,Y,Y,A,0
31,7,12,173,92,422,234,0.57,0.43,0.08,N,A,0,X,X,A,B,Y,Y,A,1
32,9,9,1230,5,210,80,0.56,0.44,1,N,A,0,X,X,A,F,Y,Y,A,0
33,15,32,1507,8,218,82,0.4,0.6,0.21,N,A,0,X,X,A,G,Y,Y,A,0
34,29,42,3817,28,207,54,0.41,0.59,0.56,N,I,5,N,N,B,F,Y,Y,A,0
35,6,11,1624,34,897,237,0.17,0.83,0.43,N,A,0,X,X,C,F,N,Y,B,1
36,99,148,2231,63,110,16,0.81,0.19,0.79,N,I,5,N,N,A,M,Y,Y,A,0
37,9,10,607,42,204,80,0.44,0.56,0.5,N,A,0,X,X,A,B,N,Y,B,0
38,19,24,690,357,259,70,0.63,0.37,0.63,N,I,5,N,N,A,C,N,Y,B,0
39,10,18,206,125,645,164,0.6,0.4,0.4,N,A,0,X,X,A,K,Y,Y,A,1
40,6,13,1283,48,519,274,0.67,0.33,0.67,N,A,0,X,X,A,F,Y,Y,A,1
41,22,28,638.2,73,332,69,0.86,0.14,0.5,N,A,0,X,X,N,I,Y,Y,A,1
42,8,14,442,23,551,120,0.62,0.38,0.36,N,A,0,X,X,K,G,Y,Y,A,0
43,14,29,384,309,630,99,0.36,0.64,0.39,N,A,0,X,X,N,E,Y,Y,A,1
44,6,27,2486,70,718,236,0.83,0.17,0.58,N,I,5,N,N,A,B,Y,Y,A,0
45,21,35,877,48,278,69,0.52,0.48,0.83,N,A,0,X,X,A,F,Y,Y,A,0
46,7,22,3280,19,637,268,0.86,0.14,0.59,N,A,2,X,X,A,B,Y,Y,A,1
47,36,62,7546.5,22,224,39,0.67,0.33,0.1,N,I,4,N,N,X,X,N,N,C,0
48,18,36,1076,126,372,83,0,1,0.68,N,A,0,X,X,B,B,N,Y,B,1
49,15,40,4450,135,338,95,0.87,0.13,0.63,N,I,5,N,N,C,M,N,Y,B,0
50,7,18,1534,58,556,232,0.71,0.29,0.31,N,J,5,N,N,A,F,Y,Y,A,1
51,27,39,2896,42,258,61,0.3,0.7,0.33,N,I,5,N,N,E,M,N,Y,B,0
52,8,16,348,32,610,197,0.25,0.75,0.4,N,A,0,X,X,A,F,N,Y,B,0
53,8,9,371,189,539,206,1,0,0.67,N,G,5,N,N,A,M,Y,Y,A,1
54,10,20,797,125,280,113,0.6,0.4,0.31,N,A,0,X,X,A,G,Y,Y,A,0
55,14,24,495.5,324,369,96,0.71,0.29,0.27,N,A,0,X,X,A,B,Y,Y,A,0
56,36,88,5397,2,190,46,0.75,0.25,0.66,N,K,5,N,N,C,K,N,Y,B,0
57,6,8,637,42,1379,282,0,1,0.77,N,A,0,X,X,X,X,N,N,C,1
58,14,26,759,117,281,79,0.43,0.57,0.45,N,A,0,X,X,B,B,N,Y,B,0
59,16,31,5302,0,371,108,0.62,0.38,0.59,N,J,5,N,N,X,X,N,N,D,0
60,22,22,1591,42,364,75,0.64,0.36,0.78,N,I,5,N,N,A,M,N,Y,B,1
61,6,14,2254,28,407,220,0.67,0.33,0.5,N,I,3,N,N,A,F,Y,Y,A,1
62,7,11,641,23,748,185,0.86,0.14,0.32,N,A,0,X,X,A,F,Y,Y,A,1
63,32,66,4190.4,0,229,52,0.28,0.72,0.66,N,J,5,N,N,A,F,Y,Y,A,0
64,8,19,1520,42,378,223,0.12,0.88,0.42,N,A,0,X,X,A,B,Y,Y,A,1
65,12,26,1404,86,705,138,0.42,0.58,0.36,N,A,3,X,X,B,B,N,Y,B,1
66,12,21,3581,34,1196,145,0.67,0.33,0.49,N,J,5,N,N,B,M,N,Y,B,1
67,7,8,696.5,162,288,139,0.29,0.71,0.64,N,I,5,N,N,B,M,N,Y,B,0
68,21,34,4557,77,191,77,0.71,0.29,0.68,N,J,5,N,N,A,F,Y,Y,A,0
69,87,103,1365.5,42,172,16,0.49,0.51,0.69,N,I,5,N,N,O,A,N,Y,B,0
70,23,46,1730,0,302,74,0.57,0.43,0.68,N,J,5,N,N,B,M,Y,Y,A,0
71,38,75,4143,70,204,39,0.74,0.26,0.69,N,I,5,N,N,A,M,Y,Y,A,0
72,22,48,5363,357,189,60,0.45,0.55,0.47,N,I,5,N,N,E,M,N,Y,B,1
73,6,10,451,126,553,246,0.83,0.17,0.15,N,A,0,X,X,A,G,Y,Y,A,0
74,7,9,108,341,174,58,0.29,0.71,0.89,N,A,0,X,X,N,C,Y,Y,A,1
75,25,37,3372,70,287,58,0.4,0.6,0.46,N,I,5,N,N,C,M,N,Y,B,0
76,7,26,2300,230,447,138,0.43,0.57,0.32,N,A,0,X,X,D,I,N,Y,B,1
77,9,14,591,20,525,112,0.67,0.33,0.61,N,A,0,X,X,A,F,Y,Y,A,1
78,26,87,1329,154,363,59,0.31,0.69,0.64,N,I,5,N,N,C,M,N,Y,B,0
79,15,30,2079,49,447,106,0.87,0.13,0.47,N,A,0,X,X,A,F,Y,Y,A,0
80,31,38,3058,155,98,24,0.42,0.58,0.44,N,A,2,X,X,A,B,Y,Y,A,1
81,11,32,1259,129,602,147,0.82,0.18,0.26,N,I,2,N,N,G,K,Y,Y,A,1
82,39,162,23576.2,34,387,36,0.13,0.87,0.1,N,J,4,N,N,A,F,N,Y,B,0
83,14,26,270,126,630,113,0.64,0.36,0.63,N,A,0,X,X,K,C,N,Y,B,0
84,7,14,313,339,371,149,0,1,0.63,N,A,0,X,X,D,K,N,Y,B,1
85,11,21,2255.5,49,315,141,0.36,0.64,0.21,N,A,0,X,X,A,G,Y,Y,A,1
86,151,208,15002,2,105,10,0.98,0.02,0.78,N,K,5,N,N,A,F,N,Y,B,0
87,7,11,956,43,936,247,0.43,0.57,0.23,N,I,1,N,N,A,F,Y,Y,A,0
88,36,36,1307.5,42,204,44,0.53,0.47,0.55,N,A,0,X,X,A,J,Y,Y,A,0
89,15,30,1772,358,485,91,0.73,0.27,0.49,N,A,4,Y,N,D,B,N,Y,B,1
90,8,11,1220,25,1129,222,0.75,0.25,0.31,N,A,0,X,X,A,F,Y,Y,A,1
91,7,7,882,174,506,206,0.71,0.29,0.04,N,A,0,X,X,B,F,N,Y,B,1
92,10,10,530,36,476,167,0.1,0.9,0.32,N,A,0,X,X,A,G,Y,Y,A,0
93,29,29,399,309,378,46,0.9,0.1,0.59,N,A,0,X,X,A,B,Y,Y,A,1
94,8,13,816,25,951,186,0.12,0.88,0.32,N,I,3,N,N,X,X,N,N,C,0
95,18,75,761,188,355,64,0.78,0.22,0.02,N,A,0,X,X,X,X,N,N,D,1
96,18,18,1222.45,133,250,49,0.28,0.72,0.35,N,A,0,X,X,K,J,Y,Y,A,1
97,58,78,2935.15,161,102,23,0.34,0.66,0.62,N,A,3,Y,N,A,B,N,Y,B,1
98,9,10,1567.45,63,209,26,0.89,0.11,0.18,N,I,3,N,N,A,B,Y,Y,A,0
99,13,26,2942,34,385,130,0.46,0.54,0.58,N,A,0,X,X,C,M,N,Y,B,0
100,14,28,3748.6,1,363,125,0.64,0.36,0.35,N,I,5,N,N,A,F,Y,Y,A,0
101,30,119,14346,154,352,50,0.77,0.23,0.11,N,I,5,N,N,A,B,Y,Y,A,1
102,148,297,8526.42,70,189,10,0.56,0.44,0.5,N,I,5,N,N,A,G,Y,Y,A,0
103,6,12,2158,42,393,297,0.17,0.83,0.07,N,A,0,X,X,E,M,N,Y,B,1
104,14,30,814,36,525,120,0,1,0.19,N,A,0,X,X,B,M,N,Y,B,1
105,7,11,804,126,286,123,0.43,0.57,0.4,N,A,0,X,X,O,C,Y,Y,A,1
106,10,13,1541,246,728,129,0.1,0.9,0.09,N,A,0,X,X,X,X,N,N,C,0
107,14,15,292,216,432,100,0.71,0.29,0.8,N,A,0,X,X,A,B,Y,Y,A,0
108,204,291,10092,2,103,8,0.72,0.28,0.7,N,K,5,N,N,N,O,Y,Y,A,0
109,17,27,825,342,630,78,0.76,0.24,0.18,N,A,0,X,X,N,G,Y,Y,A,1
110,7,10,113,126,498,202,0.57,0.43,0.39,N,A,0,X,X,O,A,Y,Y,A,1
111,13,13,2553.15,267,858,91,0.62,0.38,0.55,N,I,5,N,N,X,X,N,N,D,1
112,11,21,3456,126,236,78,0.64,0.36,0.8,N,A,0,X,X,A,B,Y,Y,A,1
113,18,31,2767.26,78,180,85,0.67,0.33,0.63,N,I,5,N,N,A,M,Y,Y,A,0
114,6,12,640,309,333,178,0.33,0.67,0.52,N,A,0,X,X,M,H,N,Y,B,1
115,94,182,8991.25,341,255,13,0.45,0.55,0.48,N,A,2,X,X,A,B,N,N,D,1
116,6,6,97,154,357,145,0.83,0.17,0.27,N,A,0,X,X,X,X,N,N,D,1
117,9,10,571,61,456,192,0.44,0.56,0.41,N,A,0,X,X,A,F,N,Y,B,0
118,7,15,202,42,365,92,0.71,0.29,0.16,N,A,0,X,X,O,C,Y,Y,A,1
119,7,16,2280,51,773,244,0.57,0.43,0.22,N,I,5,N,N,A,F,Y,Y,A,1
120,29,96,10595,7,198,58,0.69,0.31,0.62,N,L,5,N,N,B,F,N,Y,B,0
121,10,14,1575,28,662,175,0.8,0.2,0.54,N,I,3,N,N,D,F,N,Y,B,1
122,9,12,70,210,757,161,0.78,0.22,0.44,N,A,0,X,X,O,C,Y,Y,A,1
123,6,12,568,190,616,245,0.83,0.17,0.06,N,A,0,X,X,X,X,N,N,D,0
124,6,12,530,118,353,109,0.83,0.17,0.39,N,I,1,N,N,A,B,N,Y,B,0
125,18,26,640,350,691,73,0.61,0.39,0.15,N,I,4,N,N,B,F,N,Y,B,1
126,47,363,21915.85,135,301,32,0.6,0.4,0.56,N,A,4,Y,N,A,B,N,Y,B,1
127,171,300,5357,0,104,9,0.73,0.27,0.16,N,J,5,N,N,A,M,Y,Y,A,0
128,10,20,1659,77,329,83,1,0,0.19,N,J,2,N,N,A,G,Y,Y,A,1
129,6,6,1205,70,784,242,0.83,0.17,0.18,N,A,0,X,X,C,I,N,Y,B,1
130,8,13,1673,35,661,178,0.5,0.5,0.81,N,A,0,X,X,X,X,N,N,D,0
131,15,46,801,70,441,109,0.73,0.27,0.43,N,I,2,N,N,B,M,N,Y,B,0
132,18,26,2125,126,288,86,0.39,0.61,0.35,N,A,0,X,X,N,G,Y,Y,A,0
133,68,93,5769,79,168,23,0.87,0.13,0.25,N,K,5,N,N,C,I,N,Y,B,0
134,6,7,450,51,337,163,0.83,0.17,0.58,N,A,0,X,X,K,G,Y,Y,A,0
135,8,20,1121,39,194,47,0.75,0.25,0.87,N,A,0,X,X,A,B,Y,Y,A,1
136,10,25,3925,29,417,148,0.9,0.1,0.48,N,I,5,N,N,A,F,Y,Y,A,1
137,73,73,3748.5,18,117,22,0.49,0.51,0.35,N,I,5,N,N,B,M,Y,Y,A,0
138,11,22,1425.68,70,728,156,0.55,0.45,0.71,N,I,4,N,N,E,K,N,Y,B,0
139,12,12,707.5,308,414,100,0.33,0.67,0.29,N,A,0,X,X,A,B,Y,Y,A,1
140,16,47,1459,260,308,74,0.5,0.5,0.27,N,A,0,X,X,H,C,N,Y,B,0
141,8,12,308,42,202,103,0.38,0.62,0.6,N,A,0,X,X,A,B,Y,Y,A,0
142,10,14,204,123,184,53,1,0,0.56,N,A,0,X,X,A,B,Y,Y,A,1
143,7,12,1718,75,671,185,0.86,0.14,0.24,N,A,0,X,X,X,X,N,N,C,1
144,6,12,642,31,690,298,0,1,0.23,N,A,3,X,X,G,B,N,Y,B,1
145,8,21,4110,280,231,144,0.12,0.88,0.74,N,L,2,N,N,X,X,N,N,C,1
146,13,30,702,36,361,99,0.92,0.08,0.7,N,A,0,X,X,A,A,Y,Y,A,1
147,8,19,2032,16,472,107,0.5,0.5,0.2,N,A,0,X,X,A,F,Y,Y,A,0
148,15,30,5480,0,811,116,0.8,0.2,0.59,N,J,5,N,N,C,F,N,Y,B,1
149,7,16,572,126,638,247,0.57,0.43,0.72,N,A,1,X,X,D,K,N,Y,B,1
150,35,63,1475.6,1,78,14,0.57,0.43,0.83,N,J,2,N,N,A,B,Y,Y,A,0
151,14,25,2923,35,665,122,0.29,0.71,0.33,N,A,3,X,X,X,X,N,N,D,0
152,30,58,1870.2,70,542,43,0.3,0.7,0.67,N,I,3,N,N,G,C,N,Y,B,1
153,16,25,2209,60,457,94,0.5,0.5,0.51,N,A,0,X,X,O,E,N,Y,B,0
154,15,16,770.5,207,276,90,0.73,0.27,0.16,N,A,0,X,X,A,G,Y,Y,A,1
155,11,11,706,70,364,154,0.73,0.27,0.67,N,I,5,N,N,X,X,N,N,C,1
156,29,37,2064,29,273,57,0.45,0.55,0.53,N,I,5,N,N,B,M,N,Y,B,0
157,7,14,1121,50,466,106,0.86,0.14,0.63,N,A,0,X,X,A,B,Y,Y,A,0
158,6,12,796.8,46,263,74,0.83,0.17,0.71,N,A,0,X,X,B,M,N,Y,B,1
159,8,16,201.34,77,1084,218,0.88,0.12,0,Y,A,0,X,X,A,B,Y,Y,A,1
160,13,25,1952,233,363,101,0.69,0.31,0.49,N,A,0,X,X,A,B,Y,Y,A,0
161,9,25,1601,120,870,170,0.56,0.44,0.34,N,A,0,X,X,A,M,N,Y,B,1
162,13,18,1429,126,419,125,0.69,0.31,0.13,N,A,4,Y,N,E,N,N,Y,B,1
163,7,10,216,312,408,90,0,1,0.76,N,A,0,X,X,A,B,Y,Y,A,1
164,18,21,717,39,428,92,0.67,0.33,0.07,N,A,0,X,X,A,O,Y,Y,A,0
165,6,12,290,106,908,299,0.33,0.67,0.58,N,A,0,X,X,C,M,N,Y,B,1
166,6,6,370,131,188,37,0.5,0.5,0.26,N,A,0,X,X,A,B,N,Y,B,1
167,13,28,502,309,280,91,0.54,0.46,0.09,N,A,0,X,X,N,B,N,Y,B,1
168,6,18,3468,76,1057,305,0.67,0.33,0.79,N,A,0,X,X,A,B,Y,Y,A,1
169,8,8,158,64,1055,218,0.75,0.25,1,N,A,0,X,X,K,G,Y,Y,A,0
170,23,47,814,267,163,40,0.61,0.39,0.38,N,I,4,N,N,N,E,Y,Y,A,1
171,7,14,2392,193,439,207,1,0,0.03,N,A,0,X,X,X,X,Y,Y,A,1
172,10,20,4148,21,598,148,0.6,0.4,0.47,N,A,0,X,X,B,F,N,Y,B,1
173,8,12,923,126,694,211,0.25,0.75,0.24,N,A,0,X,X,K,G,Y,Y,A,1
174,12,17,1678.45,47,593,134,0.25,0.75,0.22,N,A,0,X,X,A,B,Y,Y,A,1
175,9,20,429,133,289,60,0,1,0.89,N,A,0,X,X,G,G,N,Y,B,1
176,23,50,4310,70,313,71,0.74,0.26,0.48,N,I,5,N,N,A,F,Y,Y,A,0
177,9,14,978,106,591,108,1,0,0.36,N,A,0,X,X,A,G,Y,Y,A,1
178,29,38,493,69,192,52,0.62,0.38,0.7,N,I,5,N,N,B,F,Y,Y,A,0
179,6,23,2160,351,760,250,0,1,0.13,N,A,0,X,X,A,F,Y,Y,A,0
180,13,27,1373,24,303,83,0.08,0.92,0.13,N,A,0,X,X,B,F,N,Y,B,1
181,8,11,298,126,386,119,0.75,0.25,0.52,N,A,0,X,X,H,H,Y,Y,A,1
182,7,14,2460.6,321,200,49,0.14,0.86,0.48,N,A,0,X,X,A,B,Y,Y,A,1
183,15,28,1136,325,322,83,0.47,0.53,0.21,N,A,2,X,X,A,B,Y,Y,A,1
184,17,41,6215.4,0,538,93,0.47,0.53,0.11,N,J,3,N,N,A,F,Y,Y,A,1
185,20,20,306,8,355,35,0.8,0.2,0.37,N,A,0,X,X,X,X,N,N,D,1
186,49,102,1763,41,120,32,1,0,0.61,N,A,0,X,X,A,B,Y,Y,A,0
187,11,22,274,126,560,128,0.82,0.18,0.85,N,A,0,X,X,X,X,N,N,C,1
188,6,15,568,34,1113,314,0.83,0.17,0.31,N,E,2,N,N,A,F,Y,Y,A,1
189,6,14,1798,7,287,180,0.33,0.67,0.56,N,L,5,N,N,A,M,Y,Y,A,1
190,11,21,2516.5,314,663,131,0.55,0.45,0.18,N,I,5,N,N,C,F,N,Y,B,1
191,12,35,912,309,482,72,0.83,0.17,0.67,N,A,2,X,X,A,B,Y,Y,A,1
192,9,17,876,309,546,161,0.33,0.67,0.13,N,A,0,X,X,G,B,N,Y,B,0
193,8,11,350.65,49,339,141,0.5,0.5,0.54,N,A,0,X,X,O,J,N,Y,B,1
194,69,89,1565,2,202,22,0.23,0.77,0.06,N,A,0,X,X,A,B,Y,Y,A,0
195,30,56,1128,154,203,50,0.23,0.77,0.63,N,I,5,N,N,F,M,N,Y,B,0
196,28,32,4132,91,179,57,0.14,0.86,0.57,N,I,5,N,N,A,M,Y,Y,A,1
197,7,15,1807.5,244,289,149,0.86,0.14,0.62,N,A,0,X,X,B,F,N,Y,B,0
198,15,22,587,278,150,38,0.67,0.33,0.89,N,A,0,X,X,A,B,Y,Y,A,1
199,6,13,237,42,737,280,0.17,0.83,0.19,N,A,0,X,X,X,X,N,N,C,0
200,14,20,3099,267,1092,96,0.64,0.36,0.24,N,I,3,N,N,X,X,N,N,C,1
201,11,39,1714,126,643,147,0.91,0.09,0.15,N,A,0,X,X,A,F,Y,Y,A,1
202,6,12,708,0,468,199,0.83,0.17,0.4,N,A,0,X,X,O,J,N,Y,B,0
203,7,24,1144,42,287,150,0,1,0.43,N,A,0,X,X,G,G,N,Y,B,1
204,11,23,650,42,314,90,0.91,0.09,0.35,N,A,0,X,X,A,B,Y,Y,A,0
205,58,117,9210.98,2,134,28,0.67,0.33,0.61,N,K,5,N,N,C,F,N,Y,B,0
206,6,14,1220,134,490,210,1,0,0.67,N,A,0,X,X,J,A,N,Y,B,0
207,11,15,792,155,359,128,0.45,0.55,1,N,A,0,X,X,A,B,Y,Y,A,1
208,8,27,2697,240,630,176,0.5,0.5,0.61,N,A,2,X,X,A,F,Y,Y,A,1
209,9,19,468,42,267,91,0.56,0.44,0.49,N,A,0,X,X,G,B,N,Y,B,0
210,9,11,377,52,371,169,0.67,0.33,0.3,N,A,0,X,X,E,M,N,Y,B,0
211,6,6,298,42,84,16,0.67,0.33,0.13,N,A,0,X,X,A,B,Y,Y,A,0
212,8,16,856,42,995,223,0.38,0.62,0.62,N,A,1,X,X,B,M,N,Y,B,1
213,7,17,1854,28,721,267,0.57,0.43,0.14,N,A,1,X,X,A,F,Y,Y,A,1
214,12,13,626.25,70,194,52,0.83,0.17,0.83,N,J,1,N,N,O,A,N,Y,B,0
215,10,17,1918,68,792,169,0.7,0.3,0.26,N,I,5,N,N,A,B,Y,Y,A,1
216,7,12,362,73,697,228,1,0,0.33,N,A,0,X,X,B,B,N,Y,B,1
217,24,32,2300,0,184,58,0.62,0.37,0.51,N,J,5,N,N,A,M,Y,Y,A,1
218,19,19,417,329,416,66,0.37,0.63,0.84,N,A,1,X,X,A,B,N,Y,B,1
219,6,11,452.2,125,528,258,1,0,0.22,N,A,0,X,X,J,J,N,Y,B,1
220,7,10,260,327,172,49,0.86,0.14,0.53,N,A,2,Y,N,A,B,Y,Y,A,1
221,11,22,2801.52,69,530,143,0.18,0.82,0.18,N,I,1,N,N,A,B,N,Y,B,1
222,8,20,2222,190,125,74,0.75,0.25,0.76,N,I,1,N,N,A,B,Y,Y,A,1
223,9,17,2778.4,319,591,162,0.89,0.11,0.66,N,I,5,N,N,A,M,Y,Y,A,1
224,13,28,544,126,372,75,0.54,0.46,0.67,N,A,0,X,X,A,B,Y,Y,A,1
225,7,7,842.9,49,267,107,0.43,0.57,0.52,N,A,0,X,X,X,X,N,N,C,0
226,6,12,2402,363,369,221,0,1,0.2,N,K,5,N,N,C,M,N,Y,B,1
227,35,70,1723,42,159,46,0.66,0.34,0.69,N,A,2,X,X,N,M,N,Y,B,0
228,7,15,510,18,578,159,1,0,0.86,N,A,0,X,X,E,B,N,Y,B,1
229,18,38,1165,212,278,81,0.39,0.61,0.51,N,A,0,X,X,O,B,N,Y,B,0
230,111,271,8884,0,110,14,0.77,0.23,0.68,N,J,5,N,N,E,M,N,Y,B,0
231,8,8,387,0,279,144,0.75,0.25,0.59,N,A,0,X,X,A,B,Y,Y,A,0
232,6,10,1807,261,188,102,0.5,0.5,0.7,N,A,0,X,X,X,X,N,N,D,1
233,11,18,590,349,212,80,0.36,0.64,0.49,N,A,0,X,X,N,G,N,Y,B,1
234,30,61,1944,154,383,50,0.77,0.23,0.64,N,I,5,N,Y,K,O,Y,Y,A,1
235,29,52,1866,28,197,40,0.41,0.59,0.61,N,E,4,N,N,M,D,N,Y,B,0
236,6,14,652,191,951,257,1,0,0.25,N,A,0,X,X,A,F,Y,Y,A,1
237,7,17,2952,49,390,119,0.43,0.57,0.4,N,A,0,X,X,A,F,Y,Y,A,1
238,10,10,706,154,315,108,1,0,0.76,N,I,2,N,N,F,K,N,Y,B,1
239,22,40,4803,167,207,56,0.68,0.32,0.53,N,K,5,N,N,A,B,Y,Y,A,0
240,76,84,2982.5,126,144,20,0.55,0.45,0.35,N,A,2,X,X,B,M,N,Y,B,0
241,8,12,892,321,713,174,0,1,0.22,N,A,0,X,X,D,G,N,Y,B,1
242,7,15,2247,70,563,230,0.86,0.14,0.41,N,I,5,N,N,A,F,Y,Y,A,0
243,34,62,2559,70,280,47,0.76,0.24,0.62,N,I,5,N,N,A,B,Y,Y,A,0
244,8,17,908,126,117,26,0.5,0.5,0.06,N,I,1,N,N,A,F,N,Y,B,0
245,9,18,385,3,767,183,0.67,0.33,0.71,N,A,0,X,X,A,B,Y,Y,A,1
246,12,24,260,126,462,117,0,1,0.45,N,A,0,X,X,G,G,N,Y,B,0
247,7,8,253,126,931,246,0.43,0.57,0.59,N,A,0,X,X,O,G,Y,Y,A,1
248,7,14,528,126,368,165,1,0,0.92,N,A,0,X,X,H,D,N,Y,B,0
249,6,6,491,126,901,295,0.83,0.17,1,N,A,0,X,X,A,G,Y,Y,A,0
250,10,22,3072,79,425,128,0.4,0.6,0.6,N,I,5,N,N,E,N,N,Y,B,0
251,11,35,4048,0,273,116,0.09,0.91,0.38,N,J,5,N,N,B,M,N,Y,B,0
252,11,14,437.6,133,518,128,0.36,0.64,0.55,N,A,0,X,X,G,C,N,Y,B,1
253,18,18,811,36,340,90,0.11,0.89,0.13,N,A,0,X,X,N,J,N,Y,B,0
254,6,24,4316,267,364,242,0.33,0.67,0.07,N,I,5,N,N,B,F,N,Y,B,0
255,37,96,1172,42,370,44,0.14,0.86,0.68,N,A,2,X,X,H,C,N,Y,B,1
256,6,12,240,246,189,70,1,0,0.58,N,A,0,X,X,K,G,Y,Y,A,1
257,11,20,3364.2,321,816,91,0.18,0.82,0.38,N,A,0,X,X,A,B,Y,Y,A,0
258,6,24,200,8,281,103,0,1,0.51,N,A,0,X,X,O,B,N,Y,B,1
259,16,47,6217.1,21,340,98,0.19,0.81,0.8,N,I,2,N,N,C,F,N,Y,B,0
260,14,17,2183,42,226,117,0.71,0.29,0.55,N,A,0,X,X,B,F,N,Y,B,0
261,319,400,4291.5,1,123,5,0.63,0.37,0.68,N,A,0,X,X,A,B,Y,Y,A,0
262,38,50,3330,28,129,43,0.71,0.29,0.72,N,I,5,N,N,A,C,Y,Y,A,0
263,8,20,1500,59,201,106,0.38,0.62,0.62,N,A,0,X,X,B,C,N,Y,B,1
264,6,14,866,126,567,289,0.83,0.17,0.4,N,A,2,X,X,A,B,Y,Y,A,0
265,73,145,23034,51,252,21,0.97,0.03,0.53,N,J,5,N,N,A,F,Y,Y,A,0
266,69,89,5378.83,1,155,23,0.55,0.45,0.69,N,A,0,X,X,A,B,Y,Y,A,0
267,8,24,794,126,533,126,0.75,0.25,0.53,N,A,0,X,X,A,C,Y,Y,A,1
268,17,42,5070,35,360,98,0.53,0.47,0.1,N,K,5,N,N,B,M,N,Y,B,1
269,9,18,1023,42,535,182,0.22,0.78,0.26,N,A,0,X,X,A,F,Y,Y,A,0
270,8,16,146,38,356,154,0.25,0.75,1,N,A,0,X,X,B,B,N,Y,B,1
271,46,48,3456.75,34,287,35,0.52,0.48,0.51,N,I,5,N,N,C,M,N,Y,B,0
272,7,14,2550,309,151,104,0.14,0.86,0.79,N,A,0,X,X,A,B,Y,Y,A,1
273,6,10,1020,126,735,295,0.5,0.5,0.67,N,A,0,X,X,B,M,N,Y,B,1
274,46,88,5208,0,203,36,0.17,0.83,0.47,N,J,5,N,N,B,M,N,Y,B,0
275,9,9,119,26,570,183,0.67,0.33,1,N,A,0,X,X,A,G,Y,Y,A,0
276,26,41,6278.26,28,239,64,0.42,0.58,0.33,N,I,5,N,N,A,B,Y,Y,A,0
277,14,36,2020,42,456,99,0.36,0.64,0.87,N,A,0,X,X,B,M,N,Y,B,1
278,7,14,1042.9,42,623,260,0.86,0.14,0.73,N,I,1,N,N,A,F,Y,Y,A,0
279,9,30,3470,8,189,44,0.56,0.44,0.42,N,I,2,N,N,C,F,N,Y,B,0
280,11,29,157,28,370,151,0.27,0.73,0.39,N,A,0,X,X,H,A,N,Y,B,1
281,7,10,1118,57,518,247,0.57,0.43,0.26,N,A,0,X,X,A,B,Y,Y,A,1
282,26,50,3186,20,264,63,0.31,0.69,0.6,N,A,0,X,X,F,C,N,Y,B,0
283,9,15,1582,267,264,164,0.56,0.44,0.82,N,I,4,N,N,A,F,Y,Y,A,0
284,6,13,750,65,1104,268,0.67,0.33,0.27,N,A,0,X,X,B,B,N,Y,B,0
285,57,80,1636.05,35,233,21,0.84,0.16,0.55,N,A,0,X,X,A,B,Y,Y,A,0
286,10,20,496,42,390,125,0.7,0.3,0.17,N,A,0,X,X,O,J,Y,Y,A,0
287,11,12,347,348,881,118,0.73,0.27,0.33,N,A,0,X,X,A,B,Y,Y,A,1
288,7,8,479.5,306,554,105,0.86,0.14,0.26,N,A,0,X,X,A,B,N,Y,B,1
289,65,99,2619,19,189,24,0.83,0.17,0.5,N,A,0,X,X,A,B,Y,Y,A,0
290,16,17,1039,42,176,79,0.69,0.31,0.2,N,A,0,X,X,A,B,Y,Y,A,1
291,11,11,430,183,250,130,0.45,0.55,0.2,N,A,0,X,X,A,F,N,Y,B,0
292,8,15,1036,238,457,179,0.62,0.38,0.53,N,A,0,X,X,X,X,N,N,D,1
293,20,43,725,42,338,42,0.25,0.75,0.6,N,A,2,Y,N,H,B,N,Y,B,0
294,9,25,4571,168,586,181,0.33,0.67,0.54,N,K,5,N,N,A,F,Y,Y,A,0
295,9,20,261,42,123,42,0.78,0.22,0.62,N,A,0,X,X,A,B,Y,Y,A,0
296,7,12,1367,7,691,238,0.86,0.14,0.57,N,I,5,N,N,C,F,N,Y,B,1
297,10,20,1012,42,730,173,0.1,0.9,0.25,N,A,0,X,X,D,G,N,Y,B,1
298,11,22,4594,30,469,160,0.18,0.82,0.11,N,I,5,N,N,A,F,Y,Y,A,0
299,74,113,14905.25,27,110,22,0.8,0.2,0.12,N,I,5,N,N,A,F,Y,Y,A,0
300,6,12,2268,357,422,218,0.67,0.33,0.42,N,I,5,N,N,X,X,N,N,C,1
301,55,56,2727.5,70,127,28,0.71,0.29,0.2,N,I,5,N,N,B,F,N,Y,B,0
302,16,30,2653,62,648,97,0.81,0.19,0.66,N,I,5,N,Y,A,F,Y,Y,A,1
303,7,9,1451,41,976,260,1,0,0.36,N,A,0,X,X,F,K,N,Y,B,1
304,12,20,2348,21,7,0,0.25,0.75,0.25,N,I,5,N,N,C,F,N,Y,B,1
305,8,12,758,140,426,102,0.38,0.62,0.48,N,I,2,N,N,A,B,Y,Y,A,1
306,7,14,2268,21,665,257,0.43,0.57,0.27,N,A,0,X,X,X,X,N,N,D,1
307,13,28,285,45,412,67,0.85,0.15,0.14,N,A,0,X,X,F,G,N,Y,B,1
308,10,18,439,309,426,141,0.6,0.4,0.3,N,A,0,X,X,O,B,N,Y,B,1
309,12,14,1027,163,371,88,0.5,0.5,0.69,N,I,1,N,N,X,X,N,N,C,1
310,13,47,5681,161,317,70,0.69,0.31,0.42,N,J,4,N,N,A,F,N,Y,B,1
311,18,32,1308,42,353,87,0.89,0.11,0.25,N,A,2,X,X,N,G,Y,Y,A,0
312,23,24,1964.04,70,298,64,0.7,0.3,0.69,N,I,3,N,N,O,G,Y,Y,A,1
313,32,48,1329,25,297,51,0.5,0.5,0.2,N,I,5,N,N,B,M,N,Y,B,0
314,10,19,2467,163,466,138,0,1,0.4,N,J,1,N,N,A,B,N,Y,B,0
315,24,28,597,42,272,67,0.5,0.5,0.32,N,A,0,X,X,N,G,N,Y,B,0
316,6,14,1608,62,589,215,0.83,0.17,0.21,N,I,5,N,N,A,F,Y,Y,A,1
317,6,10,342,160,1172,288,0.5,0.5,0.62,N,A,0,X,X,X,X,Y,Y,A,1
318,9,16,681,285,351,155,0.67,0.33,0.02,N,A,0,X,X,A,B,Y,Y,A,0
319,33,66,10601,0,194,50,0.85,0.15,0.75,N,J,5,N,N,A,B,Y,Y,A,0
320,26,48,4538.72,21,333,64,0.69,0.31,0.32,N,I,5,N,N,A,G,Y,Y,A,0
321,8,14,1356,258,783,157,0.25,0.75,0.24,N,A,3,X,X,X,X,N,N,C,1
322,11,25,3617,357,132,51,0.64,0.36,0.53,N,I,3,N,N,C,F,N,Y,B,1
323,36,39,344,126,446,42,0.11,0.89,0.51,N,A,0,X,X,A,B,Y,Y,A,1
324,6,12,356,22,852,309,1,0,0.5,N,A,0,X,X,A,B,Y,Y,A,0
325,6,12,430,309,716,171,0.67,0.33,0.45,N,A,0,X,X,B,M,N,Y,B,1
326,8,24,206,95,386,206,0.5,0.5,0.3,N,A,0,X,X,A,B,Y,Y,A,1
327,7,14,704,46,837,237,0.57,0.43,0.33,N,I,1,N,N,A,B,N,Y,B,1
328,19,28,167,218,56,10,0.37,0.63,0.48,N,A,0,X,X,X,X,N,N,D,1
329,92,133,9494,28,105,17,0.47,0.53,0.68,N,I,5,N,N,A,G,Y,Y,A,0
330,10,19,814,324,369,116,0.8,0.2,0.05,N,A,2,X,X,A,F,Y,Y,A,1
331,12,25,4466.1,78,271,103,0.83,0.17,0.73,N,I,5,N,N,X,X,N,N,C,1
332,15,16,1234,159,371,78,0.6,0.4,0.33,N,J,5,N,N,A,M,Y,Y,A,1
333,11,18,391,103,344,103,0.27,0.73,0.47,N,A,0,X,X,A,B,N,Y,B,0
334,7,14,2014,143,387,199,1,0,0.72,N,I,5,N,N,A,B,Y,Y,A,1
335,8,22,175,109,389,213,0.38,0.62,0.15,N,A,0,X,X,G,B,N,Y,B,0
336,46,53,874,42,281,35,0.72,0.28,0.5,N,A,3,X,X,A,B,N,Y,B,0
337,6,11,1160.2,42,309,134,0.67,0.33,0.88,N,A,0,X,X,H,B,Y,Y,A,0
338,22,22,2743.55,70,561,65,0.64,0.36,0.59,N,I,5,N,N,A,B,Y,Y,A,0
339,7,8,267,42,541,257,1,0,0.39,N,A,0,X,X,A,B,Y,Y,A,1
340,11,15,501,163,944,117,0.45,0.55,0.18,N,A,0,X,X,O,A,Y,Y,A,1
341,6,12,1654,357,917,254,0.17,0.83,0.31,N,I,5,N,N,B,F,N,Y,B,0
342,10,21,552,42,496,100,0.8,0.2,0.63,N,A,0,X,X,A,F,Y,Y,A,0
343,8,20,1598,270,742,194,0.12,0.88,0.57,N,A,4,Y,N,C,M,N,Y,B,1
344,46,90,3883,227,165,30,0.46,0.54,0.35,N,L,3,N,N,A,G,Y,Y,A,0
345,71,140,9503.76,1,113,23,0.97,0.03,0.76,N,I,5,N,N,O,I,Y,Y,A,0
346,32,68,11942,12,259,48,0.88,0.12,0.62,N,J,5,N,N,C,M,N,Y,B,0
347,13,16,1346.5,254,468,99,0.77,0.23,0.2,N,I,5,N,N,B,M,N,Y,B,1
348,6,9,595,70,916,256,0.5,0.5,0.7,N,A,2,X,X,X,X,N,N,C,1
349,9,17,330,42,190,57,0.78,0.22,0.65,N,A,0,X,X,A,B,Y,Y,A,0
350,8,23,1195,201,429,128,0,1,0.45,N,I,4,N,N,C,F,N,Y,B,1
351,6,10,905,42,735,312,0.83,0.17,0.8,N,A,0,X,X,B,F,Y,Y,A,1
352,12,24,1374.4,65,431,107,0.5,0.5,0.31,N,A,2,Y,N,O,J,Y,Y,A,0
353,7,14,770,42,545,222,0.71,0.29,0.08,N,A,0,X,X,B,F,N,Y,B,1
354,44,86,1175,68,203,36,0.23,0.77,0.63,N,G,5,N,N,E,M,N,Y,B,0
355,18,45,2132.5,154,335,87,0.56,0.44,0.76,N,I,4,N,N,C,F,N,Y,B,1
356,7,13,774,357,469,212,0.14,0.86,0.61,N,I,5,N,N,C,F,N,Y,B,0
357,8,10,1260,70,1005,195,0.5,0.5,0.55,N,I,3,N,N,L,O,N,Y,B,1
358,6,6,122,224,378,149,0.83,0.17,0.63,N,A,0,X,X,A,B,Y,Y,A,1
359,67,163,21772,8,106,24,0.67,0.33,0.69,N,M,5,N,N,A,F,Y,Y,A,0
360,31,82,5094,70,278,44,0.58,0.42,0.1,N,I,5,N,N,N,G,Y,Y,A,1
361,49,82,3931.5,69,106,32,0.49,0.51,0.63,N,I,5,N,N,B,F,N,Y,B,0
362,20,20,763,17,270,79,0.95,0.05,0.45,N,A,0,X,X,O,C,N,Y,B,0
363,10,17,1419,42,299,86,0.3,0.7,0.35,N,A,0,X,X,O,C,N,Y,B,1
364,9,9,372.2,52,777,170,0.44,0.56,0.41,N,I,3,N,N,A,B,Y,Y,A,0
365,13,23,4067,28,597,118,0.77,0.23,0.75,N,I,5,N,N,N,G,N,Y,B,0
366,13,24,3344.2,24,443,132,0.85,0.15,0.34,N,I,3,N,N,A,B,Y,Y,A,1
367,10,20,610,12,379,86,0.9,0.1,0.22,N,A,0,X,X,A,B,Y,Y,A,1
368,6,11,1084,151,428,258,0.67,0.33,0.22,N,I,4,N,N,C,F,N,Y,B,0
369,6,8,1350.5,65,329,88,1,0,0.85,N,A,0,X,X,A,G,N,Y,B,1
370,8,11,1474,20,433,200,0.5,0.5,0,Y,A,0,X,X,A,M,Y,Y,A,0
371,7,18,3158,116,480,230,1,0,0.1,N,A,0,X,X,A,F,N,Y,B,0
372,10,16,648,126,385,164,0.8,0.2,0.85,N,A,0,X,X,G,K,N,Y,B,1
373,24,48,3186,0,275,70,0.83,0.17,0.72,N,J,5,N,N,B,M,N,Y,B,0
374,10,11,627,86,410,162,0.8,0.2,0.02,N,A,0,X,X,A,M,Y,Y,A,1
375,71,125,5928.8,77,109,22,0.72,0.28,0.55,N,J,5,N,N,B,M,N,Y,B,1
376,92,190,27796.28,1,142,17,0.63,0.37,0.55,N,J,5,N,N,A,F,Y,Y,A,0
377,7,15,2589,261,508,175,0.57,0.43,0.48,N,I,4,N,N,B,F,N,Y,B,1
378,6,8,725,147,413,277,0.83,0.17,0.53,N,A,0,X,X,X,X,N,N,D,1
379,52,76,1431,42,182,28,0.65,0.35,0.42,N,A,0,X,X,A,B,Y,Y,A,0
380,6,14,581,298,626,151,0.5,0.5,0.14,N,A,0,X,X,A,F,N,Y,B,1
381,41,84,2030,70,206,39,0.54,0.46,0.6,N,I,5,N,N,A,B,Y,Y,A,0
382,6,11,190,126,568,283,0.83,0.17,0.4,N,A,0,X,X,B,B,N,Y,B,0
383,30,31,760,126,158,50,0.9,0.1,0.29,N,A,0,X,X,A,G,Y,Y,A,1
384,10,15,1020,124,471,142,0.6,0.4,0.7,N,A,0,X,X,A,B,Y,Y,A,0
385,7,22,430,243,240,89,0.71,0.29,0.13,N,A,0,X,X,A,B,Y,Y,A,1
386,7,7,1023,146,956,197,0.57,0.43,0.41,N,A,0,X,X,X,X,N,N,D,1
387,6,12,1850,37,412,263,0.83,0.17,0.79,N,A,0,X,X,B,F,N,Y,B,1
388,7,8,497,7,617,266,1,0,0.66,N,A,0,X,X,X,X,N,N,C,1
389,12,14,1102,42,539,142,0.33,0.67,0.64,N,A,0,X,X,B,M,N,Y,B,0
390,6,15,2254,271,598,266,0,1,0.6,N,A,2,Y,N,X,X,N,N,C,1
391,8,8,297.88,279,462,169,1,0,0.1,N,A,0,X,X,X,X,N,N,D,1
392,10,20,358,126,350,133,0.6,0.4,0.46,N,A,0,X,X,A,G,Y,Y,A,1
393,47,91,12989,154,209,32,0.11,0.89,0.74,N,J,5,N,N,A,M,Y,Y,A,0
394,7,7,180.3,71,186,53,0.71,0.29,0.02,N,A,0,X,X,K,J,Y,Y,A,0
395,9,20,3555,70,690,178,0.67,0.33,0.54,N,K,2,N,N,A,B,N,N,D,0
396,94,145,19542,7,193,17,0.77,0.23,0.28,N,L,5,N,N,B,M,N,Y,B,0
397,7,14,918,42,553,241,0.14,0.86,0.54,N,A,0,X,X,G,B,N,Y,B,1
398,7,7,601.45,257,392,131,0.86,0.14,0.65,N,A,0,X,X,X,X,N,N,D,1
399,11,33,2328,26,618,159,0.36,0.64,0.23,N,I,5,N,N,C,F,N,Y,B,1
400,8,16,860,126,424,89,0.5,0.5,0.36,N,A,0,X,X,G,A,N,Y,B,1
401,43,66,5414,66,190,37,0.74,0.26,0.67,N,I,5,N,N,A,F,Y,Y,A,0
402,14,35,2687,154,364,113,0.29,0.71,0.43,N,I,5,N,N,C,F,N,Y,B,0
403,6,12,500.6,48,379,183,1,0,0.96,N,A,0,X,X,N,N,Y,Y,A,1
404,6,12,188,343,526,241,0.83,0.17,0.59,N,A,0,X,X,A,G,Y,Y,A,1
405,29,73,9307,34,289,51,0.66,0.34,0.55,N,J,5,N,N,B,F,N,Y,B,0
406,6,10,177,140,338,172,1,0,0.25,N,A,0,X,X,A,F,Y,Y,A,1
407,12,32,2486,154,639,126,0.42,0.58,0.66,N,I,5,N,N,E,M,N,Y,B,0
408,6,12,624,30,367,75,0.67,0.33,0.89,N,A,0,X,X,X,X,N,N,D,1
409,6,12,2014,267,467,272,0.67,0.33,0.27,N,I,5,N,N,B,F,N,Y,B,1
410,13,21,248,42,742,113,0.15,0.85,0.69,N,A,0,X,X,N,G,N,Y,B,0
411,65,144,17827.34,7,106,25,0.48,0.52,0.22,N,L,5,N,N,A,B,Y,Y,A,0
412,6,14,592,21,1194,302,0.83,0.17,0.11,N,A,0,X,X,A,G,Y,Y,A,0
413,16,32,4254.9,162,469,96,0.31,0.69,0.61,N,I,5,N,N,C,M,N,Y,B,0
414,86,156,6963.6,70,113,18,0.31,0.69,0.61,N,I,5,N,N,B,B,N,Y,B,0
415,8,16,528,309,496,174,0.25,0.75,0.31,N,A,0,X,X,K,J,N,Y,B,1
416,12,23,1149,153,209,117,0.25,0.75,0.41,N,I,5,N,N,A,B,Y,Y,A,0
417,10,19,1285,63,598,173,0.2,0.8,0.6,N,I,5,N,N,B,B,N,Y,B,0
418,11,16,218,65,531,136,0.73,0.27,0.58,N,A,0,X,X,X,X,Y,Y,A,1
419,6,6,699,42,507,299,0.33,0.67,0.65,N,A,0,X,X,N,G,Y,Y,A,1
420,16,25,1177,246,371,90,0.56,0.44,0.66,N,A,0,X,X,B,B,N,Y,B,1
421,7,8,1510,12,282,125,1,0,0.92,N,A,0,X,X,A,B,Y,Y,A,0
422,6,12,2158,11,504,302,0.17,0.83,0.12,N,A,0,X,X,A,F,Y,Y,A,1
423,14,29,1562,111,322,113,0.71,0.29,0.13,N,I,5,N,N,E,M,N,Y,B,1
424,25,54,2730,70,199,65,0.72,0.28,0.37,N,I,5,N,N,C,M,N,Y,B,0
425,6,10,975,35,805,306,0.83,0.17,0.69,N,A,0,X,X,O,B,N,Y,B,0
426,8,13,1157,28,1052,156,0.88,0.12,0.68,N,I,5,N,N,A,B,Y,Y,A,1
427,8,18,3596,253,376,136,0.62,0.38,0.31,N,I,2,N,N,X,X,N,N,C,0
428,10,18,210,309,544,122,1,0,0.08,N,A,0,X,X,K,H,N,Y,B,1
429,22,52,5380,154,295,69,0.59,0.41,0.73,N,I,2,N,N,B,M,N,Y,B,0
430,11,22,1093.4,33,527,144,0.27,0.73,0.7,N,A,0,X,X,C,F,N,Y,B,1
431,9,18,1836,42,370,195,0.67,0.33,0.58,N,F,1,N,N,B,F,N,Y,B,0
432,8,8,270,126,456,198,0.5,0.5,0.65,N,A,0,X,X,L,O,N,Y,B,0
433,7,10,1919,79,495,174,0.43,0.57,0.71,N,K,2,N,N,X,X,N,Y,B,1
434,26,55,1943.5,42,204,62,0.81,0.19,0.58,N,A,0,X,X,A,B,Y,Y,A,1
435,7,18,945,113,361,101,0.71,0.29,0.49,N,A,0,X,X,A,B,Y,Y,A,0
436,8,12,120.5,288,367,123,0.5,0.5,0.34,N,A,0,X,X,A,B,Y,Y,A,1
437,6,12,682,309,309,222,0.5,0.5,0.18,N,A,0,X,X,C,M,N,Y,B,1
438,34,121,22510.5,70,113,47,0.06,0.94,0.55,N,I,5,N,N,A,M,Y,Y,A,0
439,14,24,4072,15,325,120,0.43,0.57,0.65,N,I,5,N,N,C,F,N,Y,B,0
440,26,49,1421,36,241,63,0.58,0.42,0.45,N,A,0,X,X,A,B,Y,Y,A,0
441,25,25,1160.9,28,217,65,0.76,0.24,0.69,N,I,2,N,N,C,M,N,Y,B,0
442,30,59,8993,8,602,56,0.47,0.53,0.48,N,M,4,N,N,C,F,N,Y,B,0
443,17,42,1351,68,266,97,0.65,0.35,0.56,N,I,5,N,N,B,F,N,Y,B,0
444,23,55,3854,286,315,61,0.65,0.35,0.54,N,A,3,X,X,B,F,N,Y,B,0
445,12,12,480.05,42,347,124,0.42,0.58,0,Y,A,0,X,X,O,A,N,Y,B,0
446,99,135,3772,70,167,15,0.57,0.43,0.34,N,I,5,N,N,A,G,Y,Y,A,0
447,42,83,16275,8,221,39,0.71,0.29,0.61,N,M,5,N,N,X,X,N,N,C,1
448,7,20,1864.75,321,847,218,0.43,0.57,0.71,N,A,0,X,X,A,F,Y,Y,A,1
449,14,28,4658,42,403,86,0.79,0.21,0.17,N,A,0,X,X,A,B,Y,Y,A,1
450,9,29,3921.56,309,1073,161,0.67,0.33,0.2,N,A,0,X,X,B,F,N,Y,B,1
451,25,49,2134.8,1,293,64,0.36,0.64,0.63,N,I,5,N,N,B,F,N,Y,B,0
452,34,68,4348.28,1,197,49,0.82,0.18,0.49,N,I,5,N,N,E,N,N,Y,B,0
453,9,11,500,216,371,146,0.78,0.22,0.63,N,A,0,X,X,A,B,Y,Y,A,0
454,24,28,1151.5,126,337,63,0.33,0.67,0.89,N,I,3,N,N,E,M,N,Y,B,0
455,8,21,2172,8,410,146,0.5,0.5,0.6,N,A,0,X,X,A,G,N,Y,B,1
456,6,15,963,74,534,268,0.67,0.33,0.37,N,A,0,X,X,A,B,N,Y,B,1
457,9,9,279,210,357,124,0.78,0.22,0.9,N,A,0,X,X,A,G,Y,Y,A,1
458,7,14,1193.6,137,543,203,0.71,0.29,0.61,N,I,4,N,N,C,F,N,Y,B,0
459,12,13,1842,35,649,135,0.83,0.17,0.4,N,I,5,N,N,A,F,Y,Y,A,1
460,7,7,364.76,49,52,12,0.71,0.29,0.19,N,A,0,X,X,E,G,N,Y,B,0
461,8,15,1298,8,750,208,0.75,0.25,0.41,N,A,0,X,X,B,F,Y,Y,A,0
462,13,35,1983,261,401,111,0.46,0.54,0.58,N,A,0,X,X,A,M,Y,Y,A,0
463,7,10,721,309,479,215,0.71,0.29,0.43,N,A,0,X,X,C,B,N,Y,B,1
464,34,36,2372.7,42,357,47,0.47,0.53,0.26,N,A,0,X,X,A,B,Y,Y,A,0
465,11,22,1062,122,309,91,0.64,0.36,0.26,N,A,2,X,X,E,M,N,Y,B,1
466,6,6,387,317,423,97,0.17,0.83,0.54,N,I,5,N,N,C,M,N,Y,B,0
467,12,17,1538,39,372,142,0.17,0.83,0.04,N,A,0,X,X,C,N,N,Y,B,0
468,50,50,2905.5,70,189,31,0.88,0.12,0.32,N,I,5,N,N,A,B,Y,Y,A,0
469,9,16,1825,239,278,107,0.67,0.33,1,N,A,0,X,X,C,F,N,Y,B,0
470,158,160,3129.5,70,106,9,0.66,0.34,0.24,N,I,5,N,N,A,B,Y,Y,A,0
471,53,105,2363.5,55,280,30,0.51,0.49,0.63,N,E,5,N,N,A,B,Y,Y,A,0
472,54,109,6211.2,0,266,30,0.39,0.61,0.5,N,J,4,N,N,A,M,Y,Y,A,0
473,8,16,2488,246,189,141,0.5,0.5,0.59,N,A,0,X,X,B,F,N,Y,B,1
474,8,14,363.4,292,427,134,0.5,0.5,0.38,N,A,0,X,X,G,C,Y,Y,A,0
475,10,10,119,126,434,112,0.6,0.4,0.35,N,A,0,X,X,C,F,N,Y,B,0
476,28,58,2306,70,210,57,0.61,0.39,0.21,N,I,5,N,N,A,F,Y,Y,A,0
477,17,23,1414,31,134,35,0.82,0.18,0.51,N,K,2,N,N,O,A,N,Y,B,0
478,10,11,496,144,896,124,0.4,0.6,0.35,N,A,0,X,X,A,A,Y,Y,A,1
479,6,12,128,279,1136,265,1,0,0.59,N,A,2,X,X,A,B,Y,Y,A,1
480,9,24,1022,69,170,65,0,1,0.33,N,E,2,N,N,A,F,Y,Y,A,1
481,8,16,202,42,193,39,0.62,0.38,0.55,N,A,0,X,X,C,F,N,Y,B,0
482,196,214,10603,2,103,8,0.72,0.28,0.59,N,K,4,N,N,A,G,Y,Y,A,0
483,24,24,1781,42,239,67,0.67,0.33,0.15,N,A,0,X,X,E,M,N,Y,B,0
484,7,20,1307,126,644,240,1,0,0.72,N,A,1,X,X,C,F,N,Y,B,1
485,49,87,1867,42,456,32,0.65,0.35,0.71,N,A,0,X,X,M,H,N,Y,B,1
486,6,17,1034,8,455,225,0.83,0.17,0.29,N,A,0,X,X,N,D,Y,Y,A,1
487,11,40,1867,120,421,151,0.64,0.36,0.24,N,I,5,N,N,C,M,N,Y,B,0
488,32,46,614,42,148,21,0.66,0.34,0.3,N,A,0,X,X,A,B,Y,Y,A,1
489,16,38,1124,30,92,14,0.56,0.44,0.3,N,I,2,N,N,A,B,N,Y,B,0
490,6,12,1038,126,623,274,0.5,0.5,0.46,N,A,0,X,X,B,F,N,Y,B,1
491,11,11,604,126,279,84,0.18,0.82,0.06,N,A,0,X,X,L,O,N,Y,B,1
492,7,21,776,42,638,260,0.43,0.57,0.46,N,A,0,X,X,A,B,Y,Y,A,1
493,6,8,1494,313,926,241,0.83,0.17,0.33,N,A,0,X,X,X,X,N,N,D,1
494,44,78,3655,70,201,36,0.57,0.43,0.75,N,I,5,N,N,B,M,N,Y,B,0
495,11,12,712.4,36,486,89,1,0,0.38,N,A,0,X,X,D,K,N,Y,B,1
496,24,50,2846,70,203,67,0.42,0.58,0.21,N,I,5,N,N,E,M,N,Y,B,0
497,6,13,162,309,512,237,0.67,0.33,0.27,N,A,0,X,X,G,B,N,Y,B,1
498,7,17,1229,107,573,235,0.43,0.57,0.19,N,A,0,X,X,A,B,Y,Y,A,1
499,9,34,3250,43,364,198,0.56,0.44,0.5,N,J,5,N,N,C,M,N,Y,B,0
500,17,23,2614.1,105,595,50,0.76,0.24,0.3,N,A,3,Y,N,A,F,N,Y,B,1
501,31,62,1652,61,231,51,0.48,0.52,0.21,N,I,2,N,N,N,I,N,Y,B,1
502,37,37,2263.66,42,322,44,0.08,0.92,0.66,N,A,3,X,X,L,O,N,Y,B,0
503,10,19,1012,225,530,141,1,0,0.13,N,A,0,X,X,F,N,N,Y,B,1
504,7,18,817,42,466,214,0.57,0.43,0.18,N,A,0,X,X,O,J,Y,Y,A,1
505,16,22,946,70,729,104,0.38,0.62,0.73,N,G,5,N,N,B,M,N,Y,B,1
506,15,27,4366.2,70,456,111,0.2,0.8,0.59,N,I,5,N,N,A,B,Y,Y,A,1
507,13,37,5862,41,269,127,0.69,0.31,0.08,N,A,0,X,X,C,M,N,Y,B,0
508,47,91,5681.1,0,182,33,0.11,0.89,0.21,N,J,5,N,N,A,G,N,Y,B,0
509,9,19,2385,8,366,197,0.67,0.33,0.4,N,A,0,X,X,A,F,N,Y,B,0
510,18,18,1087,177,207,75,0.17,0.83,0.68,N,A,0,X,X,A,B,Y,Y,A,0
511,19,28,1450.4,40,455,67,0.32,0.68,0.65,N,I,5,N,N,K,O,Y,Y,A,0
512,7,14,524,42,357,228,0.86,0.14,0.11,N,A,0,X,X,A,G,Y,Y,A,1
513,8,16,3222,42,294,195,0.38,0.62,0.67,N,A,0,X,X,N,G,N,Y,B,1
514,24,24,1993,43,169,68,0.5,0.5,0.58,N,A,0,X,X,N,G,Y,Y,A,0
515,15,15,786,38,381,84,0.6,0.4,0.06,N,A,0,X,X,A,B,Y,Y,A,1
516,6,8,898,246,838,183,0.33,0.67,0.72,N,I,5,N,N,X,X,N,N,C,1
517,9,9,285.6,126,25,9,0.67,0.33,0.91,N,A,0,X,X,A,B,Y,Y,A,1
518,6,13,509,25,414,288,0.5,0.5,0.69,N,A,0,X,X,H,C,Y,Y,A,0
519,19,22,2234.25,132,189,82,0.68,0.32,0.48,N,A,0,X,X,B,M,N,Y,B,1
520,13,55,5950.5,43,137,68,0.69,0.31,0.49,N,I,5,N,N,A,G,Y,Y,A,0
521,10,18,1355,154,435,164,0.3,0.7,0.63,N,I,5,N,N,G,F,N,Y,B,0
522,10,10,792,30,211,82,0.6,0.4,0.4,N,A,0,X,X,E,M,N,Y,B,0
523,12,22,403,14,492,144,0.92,0.08,0.55,N,A,2,X,X,O,C,Y,Y,A,0
524,34,84,4819,77,196,46,0.76,0.24,0.39,N,J,5,N,N,G,F,N,Y,B,0
525,8,9,485,292,561,169,0.38,0.62,0.15,N,A,0,X,X,A,B,Y,Y,A,0
526,11,14,245,85,717,147,0.27,0.73,0.16,N,A,0,X,X,C,G,N,Y,B,1
527,9,12,627.15,133,454,174,0.56,0.44,0.52,N,A,0,X,X,A,F,Y,Y,A,1
528,10,20,3580,218,160,84,0.9,0.1,0.32,N,A,0,X,X,B,G,N,Y,B,0
529,11,12,196,341,429,107,0.73,0.27,0.22,N,A,0,X,X,A,B,Y,Y,A,0
530,39,44,3696,168,168,38,0.59,0.41,0.76,N,K,5,N,N,A,B,Y,Y,A,0
531,13,22,1063,161,457,122,0.62,0.38,0.65,N,J,5,N,N,B,M,N,Y,B,1
532,80,80,4071.4,42,120,19,0.66,0.34,0.58,N,A,0,X,X,A,B,N,Y,B,0
533,10,11,484,246,388,129,0.7,0.3,0.62,N,A,0,X,X,A,F,N,Y,B,1
534,29,61,2997.5,154,314,49,0.41,0.59,0.13,N,I,5,N,N,B,F,N,Y,B,0
535,9,18,1240,40,503,180,1,0,0.59,N,A,0,X,X,G,K,N,Y,B,1
536,20,40,2518.4,362,363,61,0.75,0.25,0.08,N,I,5,N,N,A,F,Y,Y,A,1
537,41,71,8329,154,208,36,0.37,0.63,0.72,N,I,5,N,N,E,A,N,Y,B,0
538,7,14,1695.9,315,312,111,0.43,0.57,0.65,N,I,5,N,N,A,B,Y,Y,A,1
539,88,125,2546.5,28,190,18,0.64,0.36,0.65,N,I,5,N,N,A,B,Y,Y,A,0
540,21,31,960,60,724,76,0.71,0.29,0.41,N,I,1,N,N,K,L,Y,Y,A,0
541,14,29,4247.5,70,267,108,0.93,0.07,0.52,N,I,5,N,N,A,F,Y,Y,A,0
542,7,16,1148,60,414,178,1,0,0,Y,A,0,X,X,A,F,Y,Y,A,1
543,19,38,864,267,210,68,0.21,0.79,0.48,N,E,4,N,N,O,B,N,Y,B,1
544,17,35,1697.6,42,433,79,0.18,0.82,0.49,N,A,0,X,X,A,B,Y,Y,A,0
545,6,11,76,36,516,239,0.33,0.67,0.39,N,A,0,X,X,B,F,N,Y,B,1
546,65,65,3992.5,34,189,25,0.63,0.37,0.55,N,I,5,N,N,A,F,Y,Y,A,1
547,9,14,478,18,611,186,0.78,0.22,0.43,N,A,0,X,X,B,M,N,Y,B,0
548,9,18,564,126,372,184,0.11,0.89,0.54,N,A,0,X,X,K,C,Y,Y,A,0
549,7,18,1278,17,313,112,0.29,0.71,0.14,N,I,3,N,N,C,F,N,Y,B,1
550,35,84,12023,20,347,42,0.43,0.57,0.46,N,K,5,N,N,A,F,Y,Y,A,0
551,6,9,292,261,219,89,1,0,0.83,N,A,0,X,X,A,B,Y,Y,A,1
552,16,31,1692,210,574,87,0.75,0.25,0.61,N,I,5,N,N,A,B,Y,Y,A,0
553,23,35,1104,327,373,59,0.96,0.04,0.11,N,A,3,X,X,N,G,Y,Y,A,0
554,8,17,3358,69,799,180,0.62,0.38,0.51,N,A,2,X,X,X,X,N,N,C,1
555,7,7,666,161,140,58,0.43,0.57,0.42,N,A,0,X,X,O,C,N,Y,B,1
556,8,11,1769,48,742,217,0.88,0.12,0.07,N,A,0,X,X,X,X,N,N,D,1
557,10,20,2574,267,354,151,0.6,0.4,0.62,N,I,5,N,N,B,F,N,Y,B,0
558,11,14,194.5,254,677,123,0.64,0.36,0,Y,A,0,X,X,A,C,Y,Y,A,1
559,8,11,399,42,281,109,0.75,0.25,0.53,N,A,0,X,X,A,B,Y,Y,A,1
560,27,57,5543.6,49,343,58,0.41,0.59,0.48,N,A,0,X,X,A,F,Y,Y,A,0
561,8,8,545,42,609,134,0.5,0.5,0.4,N,A,0,X,X,X,X,N,N,C,1
562,31,41,1077,70,149,46,0.13,0.87,0.62,N,I,5,N,N,X,X,N,N,C,1
563,12,24,4852,77,373,141,0.92,0.08,0.34,N,J,5,N,N,A,F,Y,Y,A,0
564,6,13,1223.2,42,640,273,0.33,0.67,0.71,N,A,0,X,X,O,J,N,Y,B,0
565,14,33,1042,70,441,103,0.57,0.43,0.5,N,E,3,N,N,A,B,Y,Y,A,0
566,11,12,1489,93,117,32,0.73,0.27,0.57,N,A,0,X,X,A,B,Y,Y,A,0
567,6,7,514,31,55,24,0.67,0.33,0.93,N,A,0,X,X,A,F,Y,Y,A,0
568,66,132,16701.8,1,117,25,0.5,0.5,0.84,N,J,5,N,N,N,I,N,Y,B,0
569,18,47,1183,2,526,87,0.56,0.44,0.17,N,A,2,Y,N,N,C,N,Y,B,1
570,10,12,1854,64,363,143,0.9,0.1,0.36,N,A,0,X,X,A,B,Y,Y,A,0
571,6,7,333,251,441,256,0.17,0.83,0.12,N,A,0,X,X,D,G,N,Y,B,1
572,9,9,868.5,31,371,115,0.56,0.44,0.35,N,A,0,X,X,M,I,N,Y,B,0
573,46,94,10579.48,35,201,33,0.59,0.41,0.69,N,K,5,N,N,A,M,Y,Y,A,0
574,6,12,1314,63,618,289,0.17,0.83,0.53,N,I,5,N,N,X,X,N,N,D,1
575,6,14,1540,125,519,254,0.33,0.67,0.17,N,A,0,X,X,C,I,N,Y,B,1
576,10,19,2053,14,581,167,0.7,0.3,0.66,N,A,0,X,X,X,X,N,N,C,0
577,24,52,9024.9,30,305,66,0.5,0.5,0.35,N,J,5,N,N,X,X,N,N,D,0
578,10,22,2382.1,303,666,128,0.5,0.5,0.42,N,A,3,X,X,B,F,N,Y,B,0
579,96,212,32855.4,2,105,17,0.27,0.73,0.69,N,K,5,N,N,A,F,Y,Y,A,0
580,9,14,142,229,163,25,0.56,0.44,0.24,N,A,0,X,X,A,B,Y,Y,A,1
581,9,13,480,80,264,151,1,0,0.07,N,A,0,X,X,C,C,N,Y,B,1
582,10,20,3750,223,541,101,0.5,0.5,0.64,N,A,0,X,X,X,X,N,N,D,1
583,10,24,237,0,274,49,0.9,0.1,0,Y,A,0,X,X,B,B,N,Y,B,1
584,22,23,417.5,126,644,70,0.59,0.41,0.53,N,A,0,X,X,K,G,Y,Y,A,1
585,17,39,4835,35,351,53,0.76,0.24,0.08,N,K,5,N,N,A,F,Y,Y,A,0
586,14,35,2731.32,71,365,93,0.36,0.64,0.23,N,A,0,X,X,B,F,N,Y,B,0
587,21,40,1763.4,42,269,78,0.57,0.43,0.65,N,I,5,N,N,E,N,N,Y,B,1
588,40,46,838.5,34,238,39,0.52,0.48,0.71,N,A,0,X,X,N,B,Y,Y,A,0
589,7,15,936,330,364,199,0.43,0.57,0.06,N,I,5,N,N,A,G,Y,Y,A,0
590,35,35,5680.75,1,224,30,0.97,0.03,0.92,N,I,1,N,N,X,X,N,N,C,0
591,6,11,1380,246,630,257,0.67,0.33,0.08,N,A,0,X,X,A,F,Y,Y,A,0
592,10,10,170,42,446,172,0.7,0.3,0.14,N,A,0,X,X,G,G,N,Y,B,0
593,105,166,12390.9,34,107,15,0.38,0.62,0.73,N,J,5,N,N,B,F,N,Y,B,0
594,23,36,2175,126,366,59,0,1,0.3,N,A,0,X,X,B,M,N,Y,B,0
595,12,27,2621,124,376,124,0.75,0.25,0,Y,A,0,X,X,A,J,Y,Y,A,1
596,30,49,4795.39,35,379,55,0.37,0.63,0.59,N,I,5,N,N,A,G,N,Y,B,1
597,55,105,8653,2,175,30,0.45,0.55,0.4,N,K,5,N,N,C,M,N,Y,B,1
598,16,16,3376,0,294,94,0.62,0.38,0.91,N,J,2,N,N,X,X,N,N,D,1
599,7,10,394,166,353,135,0.71,0.29,0,Y,A,0,X,X,A,J,Y,Y,A,0
600,10,12,1703.9,174,580,162,0.4,0.6,0.6,N,L,5,N,N,B,M,N,Y,B,1
601,7,11,599,252,539,213,0.43,0.57,0.21,N,A,0,X,X,C,N,N,Y,B,1
602,11,20,1138,154,576,147,0.55,0.45,0.63,N,I,5,N,N,B,B,N,Y,B,0
603,9,20,1418,218,511,163,0.67,0.33,0.63,N,A,4,Y,N,A,F,Y,Y,A,0
604,73,127,8897,29,110,22,0.66,0.34,0.55,N,K,5,N,N,G,B,N,Y,B,0
605,6,11,820,28,845,305,0.83,0.17,0.23,N,A,0,X,X,A,B,Y,Y,A,0
606,12,24,2198.5,66,387,113,0.83,0.17,0.1,N,A,0,X,X,A,F,Y,Y,A,0
607,11,23,3886,167,442,146,0.91,0.09,0.57,N,I,5,N,N,A,M,Y,Y,A,1
608,6,12,1345.7,49,0,0,0.5,0.5,0.22,N,A,0,X,X,A,F,Y,Y,A,0
609,61,153,2209,70,117,26,0.66,0.34,0.21,N,I,5,N,N,B,M,N,Y,B,0
610,7,14,2083.3,116,752,186,0.29,0.71,0.34,N,A,0,X,X,B,F,N,Y,B,1
611,15,24,277,42,112,32,0.93,0.07,0.86,N,A,0,X,X,A,B,Y,Y,A,1
612,6,9,638,123,293,129,0.17,0.83,0.09,N,A,0,X,X,G,C,N,Y,B,1
613,7,12,76,321,380,102,0.86,0.14,0.61,N,A,0,X,X,A,B,Y,Y,A,1
614,6,11,1579,42,560,224,0.17,0.83,0.34,N,A,3,Y,N,A,F,Y,Y,A,1
615,11,12,1181,91,250,94,0.73,0.27,0.45,N,A,0,X,X,A,D,Y,Y,A,0
616,6,20,1120,309,728,238,0.83,0.17,0.11,N,A,0,X,X,A,M,Y,Y,A,1
617,8,13,230,42,255,81,0.75,0.25,0.76,N,A,0,X,X,G,K,N,Y,B,1
618,7,15,645,249,311,85,0.71,0.29,0.61,N,A,0,X,X,A,B,Y,Y,A,1
619,12,20,2736,271,310,101,0.75,0.25,0.51,N,J,5,N,N,B,F,N,Y,B,1
620,8,22,866,287,120,28,0.5,0.5,0.96,N,A,0,X,X,X,X,N,N,D,1
621,71,75,991,42,120,22,0.37,0.63,0.03,N,A,0,X,X,X,X,Y,Y,A,0
622,23,38,1891,42,204,71,0.35,0.65,0.4,N,A,0,X,X,A,B,Y,Y,A,0
623,18,27,3596.5,65,269,85,0.67,0.33,0.74,N,I,5,N,N,B,F,N,Y,B,1
624,7,14,2686,21,953,163,0.86,0.14,0.81,N,A,0,X,X,X,X,N,N,C,1
625,15,30,5036.5,75,269,111,0.47,0.53,0.44,N,J,5,N,N,A,M,Y,Y,A,1
626,8,21,302,126,590,211,0.75,0.25,0.38,N,A,0,X,X,A,B,N,Y,B,1
627,14,44,1606,67,260,60,0,1,0.77,N,I,3,N,N,G,B,Y,Y,A,0
628,8,8,250,327,167,39,0.88,0.12,0.24,N,A,0,X,X,X,X,N,N,D,1
629,7,16,571,309,545,208,0.29,0.71,0.78,N,A,0,X,X,N,G,N,Y,B,1
630,10,23,3981.8,202,441,148,0.6,0.4,0.62,N,A,0,X,X,A,B,Y,Y,A,0
631,6,12,2336,34,306,151,0.67,0.33,0.93,N,A,0,X,X,A,B,N,Y,B,0
632,373,500,13296,2,100,4,0.57,0.43,0.52,N,K,4,N,N,G,B,N,Y,B,0
633,40,92,7952.26,2,369,41,0.65,0.35,0.67,N,K,5,N,N,H,F,Y,Y,A,0
634,6,6,309.1,36,260,68,0.83,0.17,0.8,N,A,0,X,X,K,C,Y,Y,A,1
635,22,54,3621,0,293,72,0.55,0.45,0.62,N,J,5,N,N,B,M,N,Y,B,0
636,6,12,2126,76,629,284,0.17,0.83,0.55,N,J,3,N,N,A,B,Y,Y,A,0
637,12,15,244,132,154,67,0.75,0.25,0.71,N,A,0,X,X,D,C,N,Y,B,0
638,8,11,117,291,700,115,0.62,0.38,0.63,N,A,0,X,X,O,A,N,Y,B,1
639,8,26,138,124,197,117,0.25,0.75,0.37,N,A,0,X,X,C,I,N,Y,B,1
640,8,10,134,42,638,208,1,0,0.31,N,A,0,X,X,B,B,N,Y,B,0
641,18,52,3971.08,0,309,74,0.78,0.22,0.54,N,J,5,N,N,B,M,N,Y,B,1
642,7,11,1961,357,404,161,0.43,0.57,0.04,N,A,2,Y,N,G,G,N,Y,B,1
643,16,27,1477.75,78,183,29,0.56,0.44,0.39,N,I,2,N,N,A,F,Y,Y,A,0
644,6,13,2195,11,562,210,0.5,0.5,0.55,N,A,0,X,X,A,F,Y,Y,A,1
645,6,12,226,41,249,66,0.67,0.33,0.69,N,A,0,X,X,N,H,Y,Y,A,1
646,7,18,2132,347,373,178,0.57,0.43,0.65,N,A,0,X,X,C,G,N,Y,B,1
647,77,113,5353.29,2,110,21,0.7,0.3,0.69,N,K,5,N,N,A,G,Y,Y,A,0
648,11,20,304,202,298,92,0.91,0.09,0.6,N,A,0,X,X,K,L,Y,Y,A,1
649,45,89,2102,0,175,37,0.2,0.8,0.76,N,J,5,N,N,E,N,N,Y,B,0
650,7,14,873.8,257,765,197,0.71,0.29,0.35,N,A,0,X,X,G,G,N,Y,B,1
651,21,35,3910,70,295,78,0.48,0.52,0.41,N,I,5,N,N,C,M,N,Y,B,0
652,21,51,5280,50,372,77,0.48,0.52,0.55,N,I,3,N,N,N,J,N,Y,B,0
653,42,122,15290.68,2,194,34,0.45,0.55,0.66,N,K,5,N,N,A,F,Y,Y,A,1
654,42,81,7195,84,121,38,0.98,0.02,0.57,N,L,5,N,N,A,F,Y,Y,A,0
655,18,35,5165,50,307,93,0.72,0.28,0.65,N,I,5,N,N,X,X,N,N,C,1
656,101,212,4004,70,203,15,0.68,0.32,0.47,N,I,5,N,N,B,F,N,Y,B,0
657,10,21,1226,70,339,161,0,1,0.64,N,I,5,N,N,E,M,N,Y,B,0
658,20,39,1313.8,42,169,45,0.85,0.15,0.29,N,A,3,Y,N,A,B,Y,Y,A,1
659,14,14,1984,42,365,52,0.64,0.36,0.39,N,A,0,X,X,B,F,N,Y,B,0
660,16,16,1764,10,690,104,0.69,0.31,0.63,N,A,0,X,X,A,C,Y,Y,A,1
661,35,37,452,215,283,38,0.63,0.37,0.39,N,A,0,X,X,N,I,Y,Y,A,0
662,12,30,3912,168,268,133,0.83,0.17,0.38,N,K,5,N,N,C,G,N,Y,B,1
663,42,83,3308,1,192,39,0.6,0.4,0.75,N,J,5,N,N,A,B,Y,Y,A,0
664,8,18,1466,124,411,201,0.38,0.62,0.04,N,A,0,X,X,N,I,N,Y,B,1
665,11,29,3093,29,711,148,0.82,0.18,0.29,N,I,3,N,N,A,F,Y,Y,A,0
666,18,40,3427,161,377,86,0.5,0.5,0.09,N,A,3,Y,N,A,B,N,Y,B,1
667,24,65,4950.3,7,106,28,0.62,0.38,0.78,N,L,3,N,N,B,F,N,Y,B,0
668,50,170,5449.5,70,112,31,0.54,0.46,0.81,N,I,5,N,N,C,M,N,Y,B,0
669,24,45,6654.8,0,178,41,0.42,0.58,0.52,N,J,4,N,N,A,B,N,Y,B,0
670,16,16,1170,85,344,92,0.69,0.31,0.31,N,A,0,X,X,X,X,N,N,D,0
671,9,13,544,77,603,177,0.78,0.22,0.31,N,A,0,X,X,O,C,Y,Y,A,1
672,33,35,5221.5,39,500,41,0.61,0.39,0.04,N,A,0,X,X,B,F,Y,Y,A,0
673,16,16,2800,126,185,83,0.31,0.69,0.27,N,A,0,X,X,A,B,Y,Y,A,0
674,8,12,412,292,964,187,1,0,0.76,N,A,0,X,X,A,B,N,Y,B,1
675,6,16,1492,246,363,232,0.5,0.5,0.39,N,A,0,X,X,B,F,N,Y,B,1
676,6,10,512,72,685,292,0.67,0.33,0.35,N,A,0,X,X,A,B,Y,Y,A,0
677,18,18,798,154,301,85,0.94,0.06,0.16,N,I,2,N,N,B,M,N,Y,B,1
678,8,8,89,335,1080,180,0.88,0.12,0.19,N,A,0,X,X,G,M,N,Y,B,1
679,32,78,8808,0,192,52,0.72,0.28,0.24,N,J,5,N,N,B,F,N,Y,B,0
680,11,11,1738,267,343,86,0.55,0.45,0.08,N,A,2,Y,N,A,B,Y,Y,A,1
681,10,27,1358,33,239,81,0.3,0.7,0.19,N,J,1,N,N,N,G,N,Y,B,1
682,8,19,530,11,380,165,0.88,0.12,0.7,N,A,0,X,X,A,B,Y,Y,A,1
683,7,13,577,28,754,137,0.86,0.14,0.35,N,A,0,X,X,X,X,Y,Y,A,1
684,15,28,2446,149,371,106,0.87,0.13,0.66,N,I,5,N,N,B,F,N,Y,B,0
685,12,24,696,42,554,96,0.58,0.42,0.62,N,A,0,X,X,H,D,N,Y,B,1
686,7,14,448,198,493,181,1,0,0.52,N,A,0,X,X,A,B,Y,Y,A,1
687,17,41,5930,50,295,87,0.47,0.53,0.65,N,I,5,N,N,A,M,N,Y,B,1
688,12,20,2045,14,734,144,0.67,0.33,0.35,N,A,0,X,X,B,F,N,Y,B,1
689,6,14,603,41,787,284,0.83,0.17,0.15,N,A,0,X,X,A,B,Y,Y,A,1
690,7,14,2313.2,36,446,107,0.14,0.86,0.75,N,A,0,X,X,C,B,N,Y,B,1
691,7,7,322,35,119,44,0.57,0.43,0.69,N,A,0,X,X,X,X,N,N,C,1
692,8,15,407,317,350,98,1,0,0.6,N,A,0,X,X,G,G,N,Y,B,1
693,13,25,1571.5,103,384,119,0.54,0.46,0.74,N,I,2,N,N,A,B,Y,Y,A,0
694,31,58,3008,70,266,52,0.52,0.48,0.19,N,G,5,N,N,B,M,N,Y,B,0
695,12,26,2704.6,160,494,76,0.67,0.33,0.45,N,I,4,N,N,A,B,Y,Y,A,0
696,31,52,6926.5,28,331,51,0.77,0.23,0.5,N,A,0,X,X,C,F,N,Y,B,0
697,6,7,246,71,294,216,0.67,0.33,0.44,N,I,4,N,N,E,M,Y,Y,A,1
698,18,18,2898,35,273,84,0.83,0.17,0.48,N,K,5,N,N,B,F,N,Y,B,0
699,31,92,2096.25,28,712,35,0.48,0.52,0.65,N,I,5,N,N,A,B,Y,Y,A,0
700,9,24,3603,126,524,175,0.78,0.22,0.5,N,A,0,X,X,B,M,N,Y,B,1
701,16,23,661,21,728,105,0.38,0.62,0.28,N,A,0,X,X,O,A,Y,Y,A,1
702,14,17,1847,0,617,115,0.71,0.29,0.22,N,J,1,N,N,C,M,N,Y,B,0
703,32,56,3528.05,0,191,52,0.47,0.53,0.73,N,J,5,N,N,B,F,N,Y,B,1
704,71,140,2109,28,96,22,0.77,0.23,0.12,N,I,5,N,N,G,C,Y,Y,A,0
705,23,41,1864,125,550,68,0.43,0.57,0.33,N,A,3,X,X,A,F,Y,Y,A,1
706,11,18,364,126,346,60,0.27,0.73,0.25,N,A,0,X,X,G,N,N,Y,B,0
707,16,26,1672,34,606,82,0.69,0.31,0.91,N,J,1,N,N,A,F,Y,Y,A,1
708,24,35,509,318,616,48,0.5,0.5,0.81,N,A,0,X,X,B,F,N,Y,B,1
709,53,55,4126.38,28,287,30,0.7,0.3,0.75,N,I,3,N,N,A,B,Y,Y,A,0
710,7,11,229,294,217,98,0.43,0.57,0.74,N,I,2,N,N,A,G,Y,Y,A,1
711,31,65,8728,49,197,48,0.77,0.23,0.3,N,J,5,N,N,A,F,Y,Y,A,0
712,60,200,12598,0,111,27,0.95,0.05,0.79,N,J,5,N,N,A,F,Y,Y,A,0
713,12,23,421,125,441,121,0.5,0.5,0.51,N,A,0,X,X,A,M,N,Y,B,0
714,8,17,1600,95,773,215,0.75,0.25,0.6,N,A,0,X,X,A,F,Y,Y,A,0
715,7,15,1577.4,309,241,102,0.86,0.14,0.62,N,I,3,N,N,B,M,N,Y,B,1
716,9,13,1638,126,525,188,0.33,0.67,0.73,N,A,3,X,X,B,F,N,Y,B,1
717,13,24,266,246,434,112,0.85,0.15,0.02,N,A,0,X,X,E,N,N,Y,B,1
718,7,18,858,154,335,159,0.86,0.14,0.79,N,I,3,N,N,O,J,N,Y,B,0
719,10,21,622,304,645,141,0.3,0.7,0.54,N,A,0,X,X,B,B,N,Y,B,0
720,13,31,5329,246,391,107,0.62,0.38,0.45,N,I,5,N,N,B,F,N,Y,B,1
721,10,22,1676,16,486,174,0.4,0.6,0.32,N,A,0,X,X,A,F,Y,Y,A,0
722,113,169,4318.5,40,123,14,0.54,0.46,0.44,N,J,5,N,N,A,F,Y,Y,A,0
723,11,18,307.5,117,882,126,0.64,0.36,0.16,N,A,0,X,X,H,I,N,Y,B,1
724,13,33,2852,63,302,130,0.69,0.31,0.5,N,I,5,N,N,C,M,N,Y,B,0
725,20,21,1515,0,364,86,0.2,0.8,0.65,N,J,5,N,N,X,X,N,N,C,1
726,6,14,938,111,659,204,0,1,0.08,N,A,0,X,X,A,B,Y,Y,A,1
727,8,9,1094,155,788,206,0.75,0.25,0.04,N,A,0,X,X,K,E,N,Y,B,1
728,14,35,2687,42,273,120,0,1,0.45,N,A,0,X,X,A,F,N,Y,B,0
729,14,23,1184,57,904,121,0.36,0.64,0.34,N,A,2,X,X,K,H,Y,Y,A,0
730,7,10,134,42,938,170,0.14,0.86,0.57,N,A,0,X,X,A,B,Y,Y,A,1
731,18,28,1324.75,272,603,78,0.78,0.22,0.56,N,A,2,Y,N,X,X,N,N,C,1
732,25,59,5068,2,411,47,0.68,0.32,0.72,N,K,2,N,N,B,K,N,Y,B,0
733,13,27,300,124,646,90,0.69,0.31,0.54,N,A,0,X,X,A,B,Y,Y,A,0
734,15,15,844.5,363,265,90,0.6,0.4,0.43,N,I,5,N,N,B,M,Y,Y,A,1
735,9,16,2514.4,19,340,185,0.56,0.44,0.13,N,A,0,X,X,A,F,Y,Y,A,1
736,25,35,3844.9,49,425,50,0.64,0.36,0.94,N,K,1,N,N,A,F,Y,Y,A,0
737,6,18,118,126,665,275,1,0,0.52,N,A,0,X,X,O,B,Y,Y,A,1
738,18,41,4553,161,288,86,0.83,0.17,0.22,N,J,5,N,N,A,F,Y,Y,A,1
739,10,15,581,280,105,37,0.9,0.1,0.8,N,A,0,X,X,A,B,Y,Y,A,1
740,11,23,2237,125,184,100,0.27,0.73,0.89,N,A,0,X,X,O,C,Y,Y,A,0
741,31,43,364.5,246,451,45,0.74,0.26,0.25,N,A,0,X,X,A,C,Y,Y,A,0
742,13,21,389,77,340,118,0.77,0.23,0.02,N,A,0,X,X,O,C,Y,Y,A,1
743,7,14,591.4,39,226,147,1,0,0.41,N,A,0,X,X,F,D,N,Y,B,0
744,9,19,2590,69,372,166,0.22,0.78,0.74,N,A,2,Y,N,C,M,N,Y,B,1
745,8,13,716,3,371,227,0.5,0.5,0.36,N,A,0,X,X,B,K,N,Y,B,0
746,26,50,2019,309,224,50,0.58,0.42,0.67,N,A,0,X,X,A,B,Y,Y,A,0
747,10,15,431,292,625,120,0.1,0.9,0.17,N,A,0,X,X,A,F,Y,Y,A,1
748,14,28,1752.28,22,1120,122,0.79,0.21,0.04,N,A,0,X,X,D,I,N,Y,B,1
749,32,59,5704.8,1,497,50,0.59,0.41,0.55,N,I,5,N,N,A,M,Y,Y,A,0
750,21,42,6440,45,309,50,0.24,0.76,0.44,N,A,0,X,X,A,B,Y,Y,A,0
751,13,20,1530,27,434,133,0.15,0.85,0.66,N,I,5,N,N,H,G,N,Y,B,1
752,155,166,3595,8,154,10,0.64,0.36,0.34,N,J,3,N,N,A,M,Y,Y,A,0
753,20,39,6407,343,665,69,0.8,0.2,0.66,N,K,4,N,N,A,F,N,Y,B,0
754,22,23,3179.4,0,822,69,0.73,0.27,0.76,N,K,4,N,N,A,B,Y,Y,A,0
755,25,42,2663,70,203,65,0.8,0.2,0.22,N,I,5,N,N,E,M,N,Y,B,0
756,7,16,2476,29,860,220,0.29,0.71,0.27,N,A,4,Y,N,O,G,N,Y,B,1
757,34,44,1273,6,134,47,0.62,0.38,0.66,N,A,0,X,X,B,F,N,Y,B,0
758,7,12,236,109,298,119,0.43,0.57,0.07,N,I,1,N,N,A,B,Y,Y,A,0
759,7,7,577,38,369,243,0.43,0.57,0.39,N,A,0,X,X,X,X,N,N,D,1
760,9,18,2464,255,365,172,0.33,0.67,0.33,N,I,5,N,N,G,B,N,Y,B,1
761,12,22,693,122,456,112,0.33,0.67,0.34,N,A,0,X,X,G,H,N,Y,B,0
762,13,15,242,139,472,123,0.46,0.54,0.14,N,I,5,N,N,E,M,N,Y,B,1
763,86,125,6568.5,28,197,18,0.6,0.4,0.51,N,I,5,N,N,A,F,Y,Y,A,0
764,6,12,1745.6,124,534,251,0.17,0.83,0.43,N,A,0,X,X,A,B,Y,Y,A,1
765,11,26,1144,70,368,133,0.09,0.91,0.38,N,I,5,N,N,B,M,N,Y,B,1
766,24,46,4408.5,1,459,70,0.12,0.88,0.72,N,J,5,N,N,B,B,N,Y,B,0
767,6,11,246,122,624,283,0,1,0.5,N,A,0,X,X,B,F,Y,Y,A,0
768,18,20,234,126,475,59,0.72,0.28,0.24,N,A,0,X,X,G,B,N,Y,B,1
769,6,7,354,68,1440,307,1,0,0.08,N,A,0,X,X,X,X,N,N,D,1
770,6,21,3310.2,21,763,288,0.67,0.33,0.59,N,A,0,X,X,A,F,Y,Y,A,1
771,6,8,381,149,525,127,1,0,0.68,N,I,3,N,N,A,B,Y,Y,A,1
772,13,18,213,5,546,110,0.54,0.46,0.28,N,A,0,X,X,B,B,N,Y,B,1
773,6,10,66,109,344,208,0.5,0.5,0.45,N,A,0,X,X,B,B,Y,Y,A,1
774,28,60,5110,2,171,60,0.68,0.32,0.69,N,K,5,N,N,B,M,N,Y,B,0
775,7,14,438,101,620,226,0.57,0.43,0.1,N,A,0,X,X,A,B,Y,Y,A,1
776,15,30,3233,70,378,111,0.67,0.33,0.39,N,I,5,N,N,A,F,Y,Y,A,0
777,8,9,1346,289,459,148,1,0,0.01,N,A,2,X,X,B,B,N,Y,B,1
778,6,12,728.5,133,377,256,0,1,0.53,N,A,0,X,X,M,L,N,Y,B,1
779,23,37,1597,154,299,67,0.17,0.83,0.69,N,I,5,N,N,B,F,N,Y,B,0
780,12,22,3497.1,36,682,142,0.42,0.58,0.19,N,A,2,X,X,B,F,N,Y,B,0
781,7,24,2554,59,148,75,0.57,0.43,0.06,N,I,1,N,N,A,F,Y,Y,A,0
782,21,25,1257,21,196,76,0.81,0.19,0.57,N,A,0,X,X,A,G,N,Y,B,0
783,8,17,1250,349,423,183,0.5,0.5,0.27,N,I,4,N,N,H,K,N,Y,B,0
784,44,107,3611,28,174,37,0.59,0.41,0.35,N,I,4,N,N,A,M,Y,Y,A,0
785,13,25,1808,357,176,106,0.54,0.46,0.67,N,I,5,N,N,B,N,N,Y,B,0
786,31,58,3387.9,70,189,52,0.65,0.35,0.61,N,I,5,N,N,A,F,Y,Y,A,0
787,41,45,8178,21,252,40,0.63,0.37,0.25,N,I,5,N,N,A,B,Y,Y,A,1
788,6,12,889,246,388,124,0.83,0.17,0.43,N,A,0,X,X,A,J,Y,Y,A,1
789,6,15,427,42,281,142,0.67,0.33,0.06,N,A,0,X,X,G,B,N,Y,B,1
790,18,50,4346.32,320,233,47,1,0,0.55,N,I,4,N,N,C,F,N,Y,B,1
791,16,19,1409,161,534,95,0.38,0.62,0.77,N,J,5,N,N,B,F,N,Y,B,1
792,7,14,874,112,475,236,0.71,0.29,0.38,N,A,0,X,X,A,G,N,Y,B,1
793,7,26,2670,154,568,224,1,0,0.75,N,I,4,N,N,B,M,N,Y,B,0
794,40,56,972,3,252,36,0.62,0.38,0.78,N,A,0,X,X,K,J,Y,Y,A,0
795,9,14,299,26,595,184,0.56,0.44,0.44,N,A,0,X,X,A,G,Y,Y,A,0
796,7,10,1181,9,1100,270,0.57,0.43,0.27,N,E,5,N,N,C,F,Y,Y,A,0
797,91,184,21241.18,2,165,18,0.57,0.43,0.66,N,K,5,N,N,A,F,Y,Y,A,0
798,27,58,10453.2,25,385,53,0.07,0.93,0.57,N,J,5,N,N,A,B,Y,Y,A,0
799,75,76,3803.48,42,106,21,0.51,0.49,0.61,N,A,0,X,X,A,B,Y,Y,A,0
800,47,95,10832,8,106,25,0.21,0.79,0.62,N,M,5,N,N,C,A,N,Y,B,0
801,11,27,329,126,183,74,0.45,0.55,0.24,N,A,0,X,X,A,B,Y,Y,A,0
802,67,163,9096,10,150,18,0.73,0.27,0.15,N,I,5,N,N,O,C,Y,Y,A,0
803,10,17,2525.6,160,302,108,0.8,0.2,0.37,N,A,0,X,X,A,B,Y,Y,A,0
804,8,16,1174,297,410,186,0.62,0.38,0.77,N,A,0,X,X,O,B,N,Y,B,1
805,7,10,207.5,42,665,159,0.14,0.86,0.37,N,A,0,X,X,I,E,N,Y,B,1
806,14,39,2088,257,0,0,0.64,0.36,0.56,N,A,0,X,X,X,X,N,N,C,1
807,13,26,4754,51,381,127,0.54,0.46,0.35,N,G,5,N,N,B,F,Y,Y,A,1
808,8,14,2681,309,645,170,0.62,0.38,0.5,N,A,0,X,X,X,X,N,N,C,1
809,8,18,1366,154,906,211,0.12,0.88,0.59,N,I,5,N,N,B,M,N,Y,B,1
810,10,18,3014,278,299,115,0.2,0.8,0.6,N,A,0,X,X,X,X,N,N,C,1
811,12,26,404,42,455,132,0.42,0.58,0.88,N,A,0,X,X,C,B,N,Y,B,0
812,7,7,499.3,309,480,209,0.57,0.43,0.46,N,A,0,X,X,A,M,Y,Y,A,1
813,6,23,209,49,220,117,0.67,0.33,0.3,N,A,0,X,X,A,C,Y,Y,A,1
814,14,17,899,87,197,73,0.57,0.43,0.67,N,A,0,X,X,E,M,N,Y,B,0
815,30,64,11896,79,266,53,0.03,0.97,0.54,N,K,5,N,N,B,F,N,Y,B,0
816,9,9,94,42,92,23,0.67,0.33,0.76,N,A,0,X,X,H,A,Y,Y,A,0
817,11,27,2086.5,90,287,127,0.73,0.27,0.59,N,A,0,X,X,A,F,N,Y,B,0
818,7,19,1306,255,614,199,0.71,0.29,0.26,N,I,5,N,N,A,F,Y,Y,A,0
819,6,11,1079,70,827,312,0.17,0.83,0.63,N,I,5,N,N,B,M,N,Y,B,1
820,14,15,491,243,255,91,0.14,0.86,0.56,N,A,0,X,X,A,B,Y,Y,A,1
821,15,19,1173,177,250,98,0.6,0.4,0.29,N,A,0,X,X,A,B,Y,Y,A,0
822,11,22,3924,42,657,145,0.36,0.64,0.86,N,A,0,X,X,X,X,N,N,C,1
823,7,16,2520,267,443,102,0.86,0.14,0.2,N,I,4,N,N,A,F,Y,Y,A,1
824,47,107,6779,35,162,33,0.23,0.77,0.44,N,K,5,N,N,G,B,N,Y,B,0
825,10,10,112,42,661,151,0.9,0.1,0.17,N,A,0,X,X,O,J,N,Y,B,0
826,116,146,2389,42,105,13,0.2,0.8,0.73,N,A,0,X,X,B,G,N,Y,B,0
827,65,83,3233.36,70,281,24,0.68,0.32,0.41,N,A,3,X,X,A,F,Y,Y,A,0
828,10,15,2598,217,368,142,0.6,0.4,0.78,N,A,0,X,X,X,X,N,N,D,1
829,8,14,2096,50,309,105,0.25,0.75,0.5,N,K,4,N,N,C,F,N,Y,B,1
830,6,10,638,189,503,242,0.67,0.33,0.35,N,A,0,X,X,A,F,Y,Y,A,0
831,67,71,2014.33,70,189,23,0.58,0.42,0.36,N,I,5,N,N,A,F,Y,Y,A,0
832,13,16,1170,156,459,113,0.92,0.08,0.01,N,A,0,X,X,A,F,Y,Y,A,1
833,8,22,1806,11,462,205,0.75,0.25,0.23,N,A,2,X,X,O,J,N,Y,B,0
834,9,10,265,42,827,195,1,0,0.29,N,A,0,X,X,O,J,N,Y,B,1
835,8,16,160,126,126,30,1,0,0.34,N,A,0,X,X,D,K,N,Y,B,1
836,7,16,2249,6,704,259,0.71,0.29,0.64,N,A,0,X,X,N,B,N,Y,B,0
837,6,13,531,249,535,205,0.83,0.17,0.26,N,A,0,X,X,A,B,Y,Y,A,1
838,17,33,746,28,364,100,0.18,0.82,0.11,N,I,5,N,N,B,F,N,Y,B,0
839,6,15,1811.93,302,621,240,0.17,0.83,0.4,N,A,0,X,X,B,M,N,Y,B,1
840,28,28,343,42,117,20,0.5,0.5,0.24,N,A,0,X,X,N,N,Y,Y,A,0
841,13,13,952,28,406,133,0.85,0.15,0.38,N,G,5,N,N,X,X,N,N,D,0
842,7,12,860.4,321,741,194,0.57,0.43,0.38,N,A,0,X,X,C,F,N,Y,B,1
843,6,12,989,309,763,264,0.5,0.5,0.27,N,A,1,X,X,B,F,N,Y,B,1
844,61,98,9513,63,129,26,0.56,0.44,0.44,N,I,5,N,N,B,M,N,Y,B,0
845,7,13,124,122,556,230,0.29,0.71,0.19,N,A,0,X,X,A,B,Y,Y,A,1
846,6,8,389,267,90,18,0.5,0.5,0.1,N,I,2,N,N,A,F,Y,Y,A,1
847,16,17,287,42,189,85,0.62,0.38,0.54,N,A,0,X,X,A,J,Y,Y,A,0
848,16,37,2516,189,315,91,0.88,0.12,0.68,N,I,5,N,N,A,F,Y,Y,A,1
849,22,43,590,281,375,54,0.82,0.18,0.44,N,A,0,X,X,O,C,Y,Y,A,1
850,31,31,428,42,189,52,0.48,0.52,0.21,N,A,0,X,X,A,B,N,Y,B,0
851,14,74,1305.75,237,526,70,0.93,0.07,0.27,N,A,0,X,X,B,G,N,Y,B,1
852,35,73,14060,25,107,47,0.74,0.26,0.57,N,L,5,N,N,B,F,N,Y,B,0
853,7,7,1414,21,204,48,0.57,0.43,0.66,N,A,0,X,X,X,X,N,N,C,1
854,8,9,244,266,456,195,0,1,0.48,N,I,4,N,N,A,M,Y,Y,A,1
855,37,39,845,3,123,42,0.08,0.92,0.16,N,A,0,X,X,A,G,Y,Y,A,1
856,6,10,717,357,176,91,0.5,0.5,0.85,N,J,3,N,N,A,F,Y,Y,A,1
857,25,33,3247,70,293,58,0.56,0.44,0.15,N,I,3,N,N,A,F,Y,Y,A,0
858,57,76,1985,70,195,27,0.35,0.65,0.35,N,I,5,N,N,B,M,N,Y,B,0
859,8,8,442,146,289,103,0.5,0.5,0.29,N,A,0,X,X,A,F,Y,Y,A,1
860,9,18,3356,142,308,102,1,0,0.29,N,I,4,N,N,A,B,Y,Y,A,1
861,11,22,3902,9,398,131,0.45,0.55,0.35,N,A,0,X,X,B,M,N,Y,B,1
862,20,44,1282,39,297,82,0.1,0.9,0,Y,A,0,X,X,B,B,N,Y,B,0
863,18,35,5574,72,225,48,0.83,0.17,0.24,N,A,0,X,X,A,F,Y,Y,A,0
864,10,18,1264,42,654,173,0.4,0.6,0.56,N,A,2,X,X,A,B,Y,Y,A,1
865,29,56,9955.6,70,209,55,0.83,0.17,0.29,N,I,5,N,N,A,B,Y,Y,A,0
866,52,58,8769.31,2,167,32,0.42,0.58,0.65,N,K,5,N,N,C,M,N,Y,B,0
867,13,25,2326.1,28,442,122,0.62,0.38,0.72,N,I,5,N,N,B,M,N,Y,B,0
868,12,31,3652,70,488,132,0,1,0.55,N,I,5,N,N,D,B,N,Y,B,0
869,19,39,636,105,175,36,0.37,0.63,0.74,N,A,0,X,X,N,C,N,Y,B,0
870,9,20,1119,267,430,157,0.11,0.89,0.31,N,I,5,N,N,F,A,N,Y,B,1
871,28,56,1826,70,364,56,0.46,0.54,0.38,N,I,5,N,N,A,F,Y,Y,A,0
872,6,22,758,260,313,146,0.17,0.83,0.12,N,A,0,X,X,F,G,N,Y,B,0
873,6,12,99,243,175,137,0.5,0.5,0.29,N,A,0,X,X,O,C,Y,Y,A,1
874,7,11,94,124,287,118,0.57,0.43,0.16,N,A,0,X,X,O,B,Y,Y,A,1
875,6,15,592,86,574,303,0.67,0.33,0.57,N,A,0,X,X,A,B,Y,Y,A,1
876,6,10,220.4,258,479,218,0.67,0.33,0.51,N,A,0,X,X,A,M,Y,Y,A,1
877,9,26,836,319,342,157,0.22,0.78,0.3,N,A,2,X,X,A,B,Y,Y,A,1
878,11,20,2863,310,412,113,0.45,0.55,0.28,N,A,0,X,X,K,C,Y,Y,A,1
879,9,19,974,198,129,19,0.89,0.11,0.24,N,A,0,X,X,N,I,Y,Y,A,1
880,20,21,3652.5,15,373,83,0.65,0.35,0.8,N,A,0,X,X,A,B,Y,Y,A,0
881,163,168,9021,14,92,9,0.87,0.13,0.09,N,A,0,X,X,G,K,N,Y,B,0
882,10,14,214,14,383,126,0.3,0.7,0.31,N,A,0,X,X,B,B,Y,Y,A,0
883,88,162,15648,37,103,18,0.6,0.4,0.62,N,L,5,N,N,A,F,N,Y,B,0
884,8,17,2502,180,336,142,0.62,0.38,0.62,N,A,0,X,X,A,F,Y,Y,A,0
885,23,24,303.5,0,291,56,0.52,0.48,0.61,N,A,0,X,X,A,B,Y,Y,A,0
886,11,22,2506,160,262,133,0.64,0.36,0.19,N,A,0,X,X,A,B,Y,Y,A,0
887,15,20,1072,82,379,108,0.6,0.4,0.16,N,I,2,N,N,N,G,Y,Y,A,0
888,10,18,214,10,1408,156,0.7,0.3,0.22,N,A,0,X,X,A,B,Y,Y,A,1
889,6,17,282,63,586,242,0.83,0.17,0.67,N,A,0,X,X,N,G,N,Y,B,1
890,25,47,2788,267,126,51,0.76,0.24,0.36,N,E,4,N,N,A,B,Y,Y,A,1
891,10,19,1345,326,279,121,0.3,0.7,0.89,N,A,0,X,X,E,N,N,Y,B,1
892,6,17,483,34,743,274,0.83,0.17,0.12,N,A,0,X,X,B,F,N,Y,B,1
893,10,44,1175.6,126,184,29,1,0,1,N,A,0,X,X,A,F,Y,Y,A,0
894,6,9,200,12,349,244,0.83,0.17,0.12,N,A,0,X,X,O,A,Y,Y,A,1
895,7,13,922,319,755,190,0.43,0.57,0.54,N,I,2,N,N,B,M,N,Y,B,1
896,23,46,3921.08,175,310,66,0.39,0.61,0.52,N,J,5,N,N,C,F,N,Y,B,0
897,19,19,728,245,148,33,0.79,0.21,0.34,N,A,0,X,X,A,J,Y,Y,A,1
898,7,9,781,27,431,110,0.29,0.71,0.69,N,A,0,X,X,X,X,N,N,D,1
899,38,38,1629,42,253,42,0.82,0.18,0.39,N,A,0,X,X,K,L,N,Y,B,0
900,18,26,990,146,282,85,0.78,0.22,0.26,N,A,0,X,X,A,G,Y,Y,A,1
901,7,15,154,52,911,226,0.29,0.71,0.37,N,A,0,X,X,B,K,N,Y,B,1
902,13,25,1406.52,39,234,39,0.54,0.46,0.4,N,A,3,X,X,A,M,Y,Y,A,0
903,11,18,1307,28,567,133,0.82,0.18,0.17,N,I,5,N,N,A,M,N,Y,B,0
904,53,73,4145,28,208,30,0.94,0.06,0.2,N,I,5,N,N,B,K,N,Y,B,0
905,9,9,131,42,120,33,0.78,0.22,0.23,N,A,0,X,X,K,C,N,Y,B,0
906,6,23,2587,273,1018,254,0.67,0.33,0.2,N,K,4,N,N,A,B,Y,Y,A,1
907,57,66,2930,42,151,28,0.82,0.18,0.45,N,A,4,Y,N,A,F,Y,Y,A,0
908,8,26,1009.8,309,410,176,0.75,0.25,0.63,N,A,0,X,X,X,X,N,N,D,1
909,53,53,5371.85,70,189,29,0.81,0.19,0.21,N,I,5,N,N,I,L,N,Y,B,0
910,17,30,2381,154,284,90,0.41,0.59,0.61,N,I,5,N,N,C,M,N,Y,B,0
911,55,60,4591.5,49,204,29,0.65,0.35,0.39,N,J,5,N,N,A,G,Y,Y,A,0
912,6,10,407,321,652,202,1,0,0.24,N,A,0,X,X,A,B,Y,Y,A,1
913,8,24,4479,41,488,134,0.62,0.38,0.79,N,I,3,N,N,A,F,Y,Y,A,1
914,33,67,5998,61,577,49,0.52,0.48,0.41,N,I,5,N,N,C,F,N,Y,B,1
915,6,6,133,42,728,199,0.67,0.33,0.33,N,A,0,X,X,O,A,N,Y,B,1
916,18,36,1192,267,265,80,0.89,0.11,0.03,N,I,5,N,N,B,M,N,Y,B,1
917,6,13,1345,357,481,179,0.33,0.67,0.38,N,I,4,N,N,B,F,N,Y,B,1
918,10,14,453.5,362,398,91,0.5,0.5,0.36,N,A,0,X,X,A,F,Y,Y,A,0
919,28,44,2413.5,266,315,50,0.54,0.46,0.64,N,I,5,N,N,N,G,Y,Y,A,0
920,16,32,5044,154,524,91,0.19,0.81,0.25,N,I,5,N,N,B,F,N,Y,B,0
921,118,193,3688.49,161,146,12,0.58,0.42,0.64,N,J,5,N,N,K,C,Y,Y,A,1
922,8,18,2806.6,48,1070,196,0,1,0.37,N,A,0,X,X,A,B,Y,Y,A,1
923,6,15,2866,42,581,306,1,0,0.52,N,A,0,X,X,A,F,Y,Y,A,1
924,14,28,1190,59,373,121,0.71,0.29,0.53,N,J,5,N,N,E,N,N,Y,B,1
925,16,42,3376,42,358,101,0.44,0.56,0.61,N,A,0,X,X,A,B,Y,Y,A,0
926,28,105,4616,0,257,60,0.46,0.54,0.05,N,J,5,N,N,E,O,N,Y,B,0
927,6,13,322,309,1172,234,0.83,0.17,0.18,N,A,0,X,X,A,B,Y,Y,A,1
928,18,30,1776.6,148,286,60,0.11,0.89,0.33,N,E,4,N,N,B,K,N,Y,B,0
929,39,39,2121,126,259,39,0.18,0.82,0.55,N,A,4,Y,N,N,O,N,Y,B,1
930,226,338,9426,77,190,6,0.32,0.68,0.58,N,J,5,N,N,A,F,Y,Y,A,0
931,8,19,2469,181,517,165,0.5,0.5,0.03,N,A,0,X,X,A,F,Y,Y,A,0
932,6,14,520,246,637,250,0.83,0.17,0.65,N,A,0,X,X,A,F,Y,Y,A,1
933,17,17,652,12,396,94,1,0,0.04,N,A,0,X,X,G,F,N,Y,B,0
934,11,32,2939,309,547,132,0.82,0.18,0.2,N,G,5,N,N,A,G,Y,Y,A,0
935,34,62,4319.5,34,328,48,0.29,0.71,0.51,N,J,5,N,N,A,F,Y,Y,A,0
936,33,69,3724.68,63,180,47,0.79,0.21,0.16,N,I,5,N,N,B,F,N,Y,B,0
937,23,45,3783,357,268,57,0.43,0.57,0.49,N,I,5,N,N,B,M,N,Y,B,1
938,14,25,2262,10,323,82,0.43,0.57,0.13,N,A,0,X,X,X,X,N,N,D,1
939,10,20,2492,358,278,124,0.3,0.7,0.62,N,A,3,Y,N,A,B,Y,Y,A,0
940,47,94,6970,0,110,35,0.7,0.3,0.75,N,J,5,N,N,B,M,N,Y,B,0
941,16,52,3748,69,441,104,0.69,0.31,0.73,N,J,5,N,N,B,F,N,Y,B,0
942,7,10,1325,52,602,232,0.71,0.29,0.57,N,I,5,N,N,G,G,N,Y,B,0
943,85,162,11085,35,111,19,0.76,0.24,0.69,N,K,5,N,N,A,B,Y,Y,A,0
944,49,120,7535,70,189,32,0.94,0.06,0.42,N,I,5,N,N,A,B,Y,Y,A,0
945,18,30,5424,47,247,88,0.33,0.67,0.37,N,I,4,N,N,A,B,Y,Y,A,0
946,20,24,585,126,274,71,0.6,0.4,0.81,N,A,0,X,X,A,G,Y,Y,A,0
947,6,6,75,50,510,143,0.67,0.33,0.46,N,A,0,X,X,A,B,Y,Y,A,0
948,6,6,551,42,263,136,0.17,0.83,0.81,N,A,0,X,X,C,F,N,Y,B,0
949,16,18,433,42,1002,99,0.81,0.19,0.4,N,A,0,X,X,A,B,Y,Y,A,0
950,6,12,1921,321,569,256,0,1,0.48,N,A,0,X,X,A,B,Y,Y,A,1
951,8,26,4415,65,649,175,1,0,0.39,N,I,5,N,N,B,F,N,Y,B,1
952,12,36,3376,154,288,134,0.75,0.25,0.74,N,I,5,N,N,B,B,N,Y,B,0
953,27,27,300,258,356,51,0.81,0.19,0.41,N,A,0,X,X,O,G,N,Y,B,0
954,22,25,381,138,331,46,1,0,0.58,N,I,5,N,N,A,B,Y,Y,A,1
955,6,11,1779,214,751,239,1,0,0.67,N,A,0,X,X,A,M,Y,Y,A,1
956,20,20,759,154,191,77,0.45,0.55,0.68,N,I,5,N,N,F,C,N,Y,B,0
957,14,30,4843.7,70,446,119,0.86,0.14,0.28,N,I,5,N,N,C,F,N,Y,B,1
958,9,19,3382.5,28,903,200,0.33,0.67,0.65,N,J,5,N,N,B,M,N,Y,B,1
959,23,33,1850.9,50,109,27,0.61,0.39,0.84,N,I,3,N,N,G,B,Y,Y,A,0
960,8,16,1110,109,456,111,0.62,0.38,0.1,N,A,0,X,X,A,F,Y,Y,A,0
961,6,12,1572,357,369,218,0.83,0.17,0.28,N,A,0,X,X,A,M,N,Y,B,1
962,6,6,112,231,118,39,0,1,0.53,N,A,0,X,X,O,A,N,Y,B,1
963,8,16,926.56,35,134,32,0.62,0.38,0.82,N,A,0,X,X,K,C,Y,Y,A,0
964,7,18,436,309,189,136,0.14,0.86,0.69,N,A,0,X,X,C,B,N,Y,B,1
965,28,56,11295,10,210,53,0.39,0.61,0.16,N,J,5,N,N,G,J,N,Y,B,0
966,17,34,408,126,281,92,0.59,0.41,0.43,N,A,0,X,X,A,G,Y,Y,A,0
967,195,238,4511,70,113,8,0.44,0.56,0.78,N,I,5,N,N,G,H,N,Y,B,0
968,26,51,3278.5,52,343,54,0.77,0.23,0.39,N,I,5,N,N,A,B,N,Y,B,0
969,6,9,306,285,744,235,0.67,0.33,0.87,N,A,0,X,X,K,C,Y,Y,A,1
970,7,8,439,243,437,206,0.43,0.57,0.64,N,A,0,X,X,N,I,N,Y,B,1
971,8,12,480.5,314,1037,173,1,0,0.58,N,A,1,X,X,A,F,Y,Y,A,1
972,11,23,527,145,275,146,0.18,0.82,0.36,N,I,5,N,N,B,F,N,Y,B,0
973,19,38,3976.4,42,300,88,0.79,0.21,0.58,N,I,5,N,N,A,F,N,Y,B,1
974,7,28,394,126,524,246,0,1,0.16,N,A,0,X,X,A,B,Y,Y,A,1
975,35,54,4737,37,350,43,1,0,0.45,N,A,0,X,X,B,F,Y,Y,A,0
976,18,40,6792,36,228,88,0.17,0.83,0.7,N,L,4,N,N,B,F,N,Y,B,0
977,7,14,602,42,379,228,0.29,0.71,0.41,N,A,0,X,X,B,M,N,Y,B,1
978,7,16,878,35,461,243,0.43,0.57,0.53,N,A,0,X,X,B,F,N,Y,B,1
979,6,6,52,126,379,130,0.67,0.33,0.42,N,A,0,X,X,A,B,Y,Y,A,0
980,11,15,570,197,265,96,0.73,0.27,0.59,N,A,0,X,X,K,C,Y,Y,A,1
981,6,6,202,31,114,35,0.83,0.17,0.33,N,A,0,X,X,E,M,Y,Y,A,0
982,6,12,989.8,126,120,44,0.33,0.67,0.73,N,A,0,X,X,E,O,N,Y,B,1
983,11,28,4674.6,133,458,110,0.91,0.09,0.02,N,A,0,X,X,A,F,Y,Y,A,0
984,36,36,4687,28,201,42,0.64,0.36,0.74,N,I,5,N,N,B,M,N,Y,B,0
985,27,50,5542,156,191,55,0.26,0.74,0.32,N,J,5,N,N,A,F,Y,Y,A,0
986,24,37,320,21,365,68,0.88,0.12,0.3,N,A,0,X,X,K,E,Y,Y,A,0
987,25,25,751,23,476,28,0.72,0.28,0.11,N,I,2,N,N,E,M,N,Y,B,0
988,7,13,244,80,910,241,0.57,0.43,1,N,A,0,X,X,X,X,Y,Y,A,1
989,6,10,191,180,227,146,0.83,0.17,0.53,N,A,0,X,X,X,X,N,N,D,0
990,7,11,1217.6,309,1271,215,0.86,0.14,0.43,N,A,0,X,X,A,G,Y,Y,A,1
991,24,48,5255.8,49,489,68,0.62,0.38,0.34,N,A,4,Y,N,K,J,Y,Y,A,1
992,8,15,1924.7,70,659,183,0.62,0.38,0.47,N,I,5,N,N,B,F,N,Y,B,1
993,7,16,1894,357,525,212,0.86,0.14,0.44,N,I,5,N,N,A,F,Y,Y,A,1
994,34,60,10736,2,254,49,0.29,0.71,0.65,N,K,5,N,N,A,F,N,Y,B,0
995,8,16,168,126,120,67,0.12,0.88,0.93,N,A,0,X,X,O,C,Y,Y,A,1
996,9,14,932,63,1070,184,0.56,0.44,0.21,N,A,2,X,X,A,F,Y,Y,A,1
997,21,36,781,126,272,73,0.33,0.67,0.65,N,A,0,X,X,B,G,N,Y,B,0
998,23,31,2902,267,280,62,0.78,0.22,0.49,N,I,5,N,N,A,F,Y,Y,A,0
999,13,24,1667,161,376,122,0.54,0.46,0.1,N,J,5,N,N,B,F,N,Y,B,1
